NAT,14,1008.400,1008.100,1007.700
NAT,14,1008.600,1008.200,1007.500
NAT,11,1004.800,1007.000,1007.100
NAT,16,1007.400,1006.550,1005.600
NAT,17,1007.400,1005.900,1005.600
NAT,11,1006.300,1006.600,1007.000
NAT,11,1005.600,1005.800,1006.300
NAT,17,1004.500,1004.900,1006.600
NAT,18,1004.500,1005.200,1006.600
NAT,19,1004.500,1005.450,1006.600
NAT,20,1004.500,1005.600,1006.600
NAT,16,1006.900,1006.050,1005.100
NAT,17,1006.900,1005.500,1005.100
NAT,11,1007.000,1008.800,1009.200
NAT,12,1008.700,1010.600,1010.000
NAT,13,1008.700,1010.700,1010.000
NAT,14,1008.700,1010.700,1010.000
NAT,17,1009.600,1009.200,1009.200
NAT,18,1009.600,1009.100,1009.200
NAT,19,1009.600,1009.200,1009.200
NAT,12,1009.000,1009.700,1009.500
NAT,12,1007.300,1007.600,1007.700
NAT,12,1007.800,1008.200,1008.400
NAT,19,1006.000,1005.500,1006.100
NAT,13,1007.400,1007.117,1006.600
NAT,14,1007.400,1007.000,1006.600
NAT,15,1007.400,1006.800,1006.600
NAT,16,1007.400,1006.633,1006.600
NAT,17,1007.400,1006.500,1006.600
NAT,18,1007.400,1006.300,1006.600
NAT,21,1005.500,1006.000,1007.200
NAT,10,1008.800,1009.650,1010.100
NAT,11,1008.800,1009.600,1010.100
NAT,9,1008.300,1007.600,1008.400
NAT,11,1008.400,1008.900,1009.300
NAT,13,1009.300,1009.200,1008.900
NAT,9,1007.800,1007.800,1008.200
NAT,12,1009.300,1009.400,1007.800
NAT,13,1009.300,1009.300,1007.800
NAT,14,1009.300,1009.100,1007.800
NAT,15,1009.300,1008.700,1007.800
NAT,5,1008.200,1008.200,1007.900
NAT,10,1007.300,1007.800,1008.000
NAT,13,1008.500,1008.800,1007.600
NAT,13,1009.600,1009.300,1008.900
NAT,9,1006.400,1006.200,1006.900
NAT,11,1006.900,1007.600,1007.100
NAT,12,1006.900,1007.600,1007.100
NAT,14,1007.100,1006.500,1005.500
NAT,10,1005.400,1006.500,1007.200
NAT,11,1005.400,1006.900,1007.200
NAT,9,1005.900,1005.900,1006.700
NAT,12,1008.100,1008.450,1007.400
NAT,13,1008.100,1008.400,1007.400
NAT,6,1006.600,1006.200,1005.900
NAT,10,1007.400,1008.500,1009.500
NAT,13,1009.600,1009.900,1009.200
NAT,10,1006.700,1008.033,1008.800
NAT,11,1006.700,1008.400,1008.800
NAT,12,1006.700,1008.500,1008.800
NAT,17,1005.600,1004.900,1004.500
NAT,2,1005.700,1007.400,1005.600
NAT,10,1006.500,1007.800,1008.600
NAT,11,1006.500,1008.300,1008.600
NAT,14,1008.400,1008.300,1007.700
NAT,21,1006.900,1007.200,1007.700
NAT,1,1005.500,1007.400,1006.900
NAT,15,1008.900,1008.200,1007.300
NAT,9,1006.100,1007.500,1008.500
NAT,11,1008.500,1009.550,1009.600
NAT,12,1008.500,1009.600,1009.600
NAT,3,1008.600,1007.657,1009.600
NAT,4,1008.600,1007.617,1009.600
NAT,5,1008.600,1007.600,1009.600
NAT,6,1008.600,1007.700,1009.600
NAT,8,1008.600,1007.967,1009.600
NAT,9,1008.600,1008.250,1009.600
NAT,10,1008.600,1008.600,1009.600
NAT,10,1008.100,1009.100,1009.800
NAT,9,1009.400,1010.500,1011.400
NAT,11,1011.400,1012.200,1012.500
NAT,20,1007.500,1008.000,1008.600
NAT,10,1007.300,1007.900,1008.300
NAT,16,1007.100,1006.200,1005.800
NAT,18,1005.800,1006.200,1006.600
NAT,15,1009.800,1009.400,1008.600
NAT,0,1006.700,1008.367,1007.600
NAT,1,1006.700,1008.350,1007.600
NAT,3,1006.700,1008.100,1007.600
NAT,14,1009.000,1009.100,1008.500
NAT,17,1007.500,1007.000,1006.500
NAT,9,1009.100,1009.800,1010.500
NAT,9,1008.800,1010.400,1011.400
NAT,10,1008.800,1010.900,1011.400
NAT,12,1011.400,1011.800,1011.900
NAT,15,1011.500,1010.350,1009.400
NAT,16,1011.500,1010.000,1009.400
NAT,9,1010.800,1010.700,1011.000
NAT,10,1010.800,1010.900,1011.000
NAT,11,1010.800,1011.050,1011.000
NAT,12,1010.800,1011.200,1011.000
NAT,14,1011.000,1010.800,1010.000
NAT,18,1008.500,1008.300,1008.500
NAT,17,1009.800,1010.000,1011.000
NAT,18,1009.800,1010.100,1011.000
NAT,19,1009.800,1010.267,1011.000
NAT,20,1009.800,1010.650,1011.000
NAT,21,1009.800,1010.900,1011.000
NAT,10,1011.600,1011.800,1012.200
NAT,2,1009.100,1011.000,1010.700
NAT,9,1009.700,1010.600,1011.000
NAT,9,1009.800,1010.300,1010.700
NAT,14,1012.000,1011.900,1011.100
NAT,20,1009.600,1009.900,1010.100
NAT,13,1012.300,1012.600,1011.900
NAT,8,1008.900,1010.314,1009.600
NAT,9,1008.900,1010.550,1009.600
NAT,10,1008.900,1010.740,1009.600
NAT,11,1008.900,1010.925,1009.600
NAT,12,1008.900,1011.000,1009.600
NAT,13,1008.900,1011.000,1009.600
NAT,14,1008.900,1010.800,1009.600
NAT,11,1010.300,1011.000,1011.100
NAT,15,1010.800,1010.100,1009.400
NAT,10,1010.800,1011.400,1012.000
NAT,14,1012.800,1012.300,1011.500
NAT,16,1011.500,1010.700,1010.100
NAT,19,1010.200,1010.833,1011.900
NAT,20,1010.200,1011.000,1011.900
NAT,21,1010.200,1011.100,1011.900
NAT,7,1011.800,1010.800,1011.500
NAT,3,1010.500,1010.000,1009.600
NAT,10,1006.900,1007.700,1008.400
NAT,17,1007.400,1007.650,1007.800
NAT,18,1007.400,1007.600,1007.800
NAT,20,1007.800,1008.100,1008.500
NAT,18,1005.500,1005.600,1005.500
NAT,11,1010.000,1010.400,1010.300
NAT,15,1008.500,1007.900,1006.900
NAT,18,1005.500,1005.950,1006.400
NAT,19,1005.500,1006.000,1006.400
NAT,7,1005.100,1004.000,1004.600
NAT,12,1006.000,1006.200,1006.300
NAT,5,1005.200,1004.700,1004.600
NAT,2,1005.000,1006.600,1005.700
NAT,9,1004.700,1005.500,1005.800
NAT,10,1004.700,1005.800,1005.800
NAT,2,1008.000,1006.850,1005.500
NAT,3,1008.000,1006.500,1005.500
NAT,10,1005.700,1006.400,1006.600
NAT,13,1007.800,1007.383,1007.000
NAT,14,1007.800,1007.280,1007.000
NAT,15,1007.800,1007.100,1007.000
NAT,16,1007.800,1007.067,1007.000
NAT,17,1007.800,1006.950,1007.000
NAT,18,1007.800,1006.800,1007.000
NAT,20,1007.000,1007.150,1008.900
NAT,21,1007.000,1007.000,1008.900
NAT,5,1006.700,1007.000,1007.000
NAT,8,1003.500,1003.800,1004.200
NAT,10,1006.900,1007.500,1008.400
NAT,10,1007.400,1008.300,1008.800
NAT,14,1006.900,1006.800,1005.800
NAT,11,1006.000,1006.900,1007.100
NAT,15,1006.800,1005.467,1006.300
NAT,16,1006.800,1005.380,1006.300
NAT,17,1006.800,1005.400,1006.300
NAT,18,1006.800,1005.600,1006.300
NAT,19,1006.800,1005.900,1006.300
NAT,20,1006.800,1006.100,1006.300
NAT,19,1004.500,1004.600,1004.800
NAT,1,1005.600,1006.400,1005.300
NAT,2,1005.600,1006.300,1005.300
NAT,20,1004.200,1004.600,1004.900
NAT,21,1004.200,1004.600,1004.900
NAT,11,1006.000,1006.500,1006.500
NAT,10,1006.500,1007.300,1007.900
NAT,13,1008.500,1008.350,1006.700
NAT,14,1008.500,1008.200,1006.700
NAT,21,1004.900,1005.500,1006.300
NAT,21,1006.000,1007.100,1007.500
NAT,20,1004.500,1004.800,1006.000
NAT,9,1006.000,1007.300,1007.900
NAT,15,1007.900,1007.150,1005.800
NAT,16,1007.900,1006.400,1005.800
NAT,14,1006.100,1005.500,1004.700
NAT,19,1003.600,1003.400,1003.800
NAT,12,1006.300,1007.200,1007.000
NAT,16,1005.900,1005.100,1004.400
NAT,12,1007.500,1007.700,1007.500
NAT,23,1004.900,1006.700,1007.100
NAT,10,1005.100,1006.200,1006.700
NAT,18,1004.900,1004.500,1004.900
NAT,13,1007.300,1007.100,1006.700
NAT,9,1006.900,1007.600,1007.900
NAT,11,1007.000,1007.800,1008.200
NAT,23,1006.700,1007.500,1007.900
NAT,11,1006.300,1008.900,1009.500
NAT,13,1009.500,1009.150,1007.900
NAT,14,1009.500,1008.800,1007.900
NAT,16,1007.200,1006.600,1006.200
NAT,21,1005.800,1006.600,1007.800
NAT,17,1005.100,1004.600,1004.000
NAT,16,1005.700,1004.900,1004.400
NAT,17,1005.700,1004.500,1004.400
NAT,16,1005.800,1005.000,1004.300
NAT,12,1008.600,1009.100,1008.700
NAT,20,1005.500,1005.800,1006.200
NAT,12,1010.300,1010.233,1009.400
NAT,13,1010.300,1010.250,1009.400
NAT,14,1010.300,1010.200,1009.400
NAT,18,1008.300,1009.367,1008.300
NAT,19,1008.300,1009.600,1008.300
NAT,20,1008.300,1009.825,1008.300
NAT,21,1008.300,1010.200,1008.300
NAT,23,1008.300,1010.700,1008.300
NAT,1,1008.300,1010.600,1008.300
NAT,17,1008.600,1008.000,1007.800
NAT,19,1006.600,1007.250,1008.100
NAT,20,1006.600,1007.600,1008.100
NAT,11,1009.100,1009.500,1009.600
NAT,10,1007.200,1008.200,1009.000
NAT,11,1009.100,1009.700,1009.500
NAT,12,1009.100,1009.800,1009.500
NAT,17,1007.800,1007.200,1006.800
NAT,4,1008.200,1009.500,1009.100
NAT,11,1007.400,1007.800,1007.700
NAT,12,1007.400,1007.900,1007.700
NAT,12,1008.900,1009.200,1008.900
NAT,3,1007.600,1008.500,1007.700
NAT,12,1009.100,1009.300,1009.300
NAT,21,1007.000,1007.500,1007.400
NAT,14,1008.100,1007.800,1007.300
NAT,9,1007.300,1008.000,1008.800
NAT,10,1007.300,1008.200,1008.800
NAT,14,1009.700,1009.020,1007.500
NAT,15,1009.700,1008.800,1007.500
NAT,16,1009.700,1008.533,1007.500
NAT,17,1009.700,1008.250,1007.500
NAT,18,1009.700,1007.800,1007.500
NAT,17,1008.600,1008.400,1008.200
NAT,18,1008.600,1008.300,1008.200
NAT,11,1009.200,1010.000,1010.600
NAT,21,1008.500,1009.000,1009.300
NAT,11,1010.000,1010.800,1011.200
NAT,18,1008.100,1008.200,1008.500
NAT,9,1009.000,1010.450,1011.600
NAT,10,1009.000,1010.900,1011.600
NAT,12,1011.600,1010.800,1009.100
NAT,13,1011.600,1010.617,1009.100
NAT,14,1011.600,1010.340,1009.100
NAT,15,1011.600,1010.075,1009.100
NAT,16,1011.600,1009.733,1009.100
NAT,17,1011.600,1009.350,1009.100
NAT,18,1011.600,1009.100,1009.100
NAT,8,1009.700,1010.200,1010.500
NAT,21,1009.600,1010.200,1009.700
NAT,10,1009.700,1010.400,1010.700
NAT,14,1011.400,1011.100,1010.300
NAT,10,1009.900,1011.557,1010.400
NAT,11,1009.900,1011.700,1010.400
NAT,12,1009.900,1011.740,1010.400
NAT,13,1009.900,1011.625,1010.400
NAT,14,1009.900,1011.367,1010.400
NAT,15,1009.900,1011.100,1010.400
NAT,16,1009.900,1010.800,1010.400
NAT,18,1010.400,1010.350,1010.000
NAT,19,1010.400,1010.300,1010.000
NAT,21,1010.000,1009.500,1009.700
NAT,21,1009.600,1010.167,1010.400
NAT,4,1009.600,1010.300,1010.400
NAT,7,1009.600,1010.000,1010.400
NAT,10,1010.400,1011.733,1012.200
NAT,11,1010.400,1011.950,1012.200
NAT,12,1010.400,1012.200,1012.200
NAT,14,1012.200,1012.400,1011.300
NAT,16,1011.300,1010.000,1009.100
NAT,17,1011.300,1009.500,1009.100
NAT,20,1007.900,1010.286,1011.600
NAT,21,1007.900,1010.617,1011.600
NAT,9,1007.900,1011.040,1011.600
NAT,10,1007.900,1011.375,1011.600
NAT,11,1007.900,1011.633,1011.600
NAT,12,1007.900,1011.750,1011.600
NAT,13,1007.900,1011.800,1011.600
NAT,16,1011.200,1010.650,1010.400
NAT,17,1011.200,1010.500,1010.400
NAT,10,1011.200,1011.800,1012.200
NAT,20,1009.700,1010.200,1010.600
NAT,9,1011.300,1010.600,1011.100
NAT,14,1011.400,1010.900,1009.900
NAT,15,1009.000,1008.600,1007.300
NAT,7,1006.800,1007.600,1008.000
NAT,21,1008.000,1008.600,1009.000
NAT,14,1010.600,1009.800,1008.700
NAT,13,1009.800,1009.800,1009.300
NAT,0,1009.300,1010.567,1010.200
NAT,4,1009.300,1010.050,1010.200
NAT,7,1009.300,1009.400,1010.200
NAT,9,1007.800,1007.900,1008.600
NAT,11,1008.600,1009.550,1009.300
NAT,12,1008.600,1009.800,1009.300
NAT,10,1009.700,1010.300,1010.900
NAT,5,1006.200,1005.200,1005.300
NAT,14,1010.600,1010.350,1008.400
NAT,15,1010.600,1009.800,1008.400
NAT,10,1007.400,1008.400,1009.000
NAT,9,1007.900,1009.800,1010.100
NAT,5,1009.500,1008.700,1009.100
NAT,6,1009.500,1008.700,1009.100
NAT,2,1008.400,1009.500,1008.100
NAT,9,1008.000,1008.500,1008.900
NAT,21,1008.700,1009.000,1009.400
NAT,19,1005.100,1005.200,1005.300
NAT,16,1006.700,1006.100,1005.200
NAT,19,1005.900,1006.533,1007.400
NAT,20,1005.900,1006.650,1007.400
NAT,21,1005.900,1006.800,1007.400
NAT,12,1008.500,1008.500,1008.200
NAT,10,1007.200,1007.600,1008.200
NAT,9,1004.800,1005.500,1006.100
NAT,6,1004.400,1004.700,1004.900
NAT,9,1007.400,1008.300,1008.700
NAT,9,1006.600,1006.500,1007.300
NAT,12,1007.800,1008.700,1008.800
NAT,14,1007.900,1007.700,1007.500
NAT,15,1005.500,1004.900,1004.400
NAT,11,1005.100,1005.700,1006.100
NAT,10,1003.700,1004.700,1005.300
NAT,8,1004.300,1005.500,1006.100
NAT,9,1004.300,1005.800,1006.100
NAT,12,1006.900,1007.200,1006.400
NAT,13,1006.900,1007.200,1006.400
NAT,14,1006.900,1007.160,1006.400
NAT,15,1006.900,1007.075,1006.400
NAT,16,1006.900,1006.833,1006.400
NAT,17,1006.900,1006.550,1006.400
NAT,18,1006.900,1006.000,1006.400
NAT,9,1006.900,1007.300,1007.900
NAT,13,1008.200,1008.600,1007.700
NAT,16,1006.900,1006.275,1004.800
NAT,17,1006.900,1006.133,1004.800
NAT,18,1006.900,1005.900,1004.800
NAT,19,1006.900,1005.400,1004.800
NAT,2,1005.800,1006.700,1005.800
NAT,4,1005.800,1005.400,1005.000
NAT,6,1005.000,1004.600,1004.900
NAT,7,1005.000,1004.700,1004.900
NAT,9,1004.900,1006.400,1007.300
NAT,10,1004.900,1006.750,1007.300
NAT,11,1004.900,1007.400,1007.300
NAT,13,1007.300,1007.100,1006.300
NAT,14,1007.300,1007.000,1006.300
NAT,16,1006.300,1005.900,1005.800
NAT,20,1005.800,1006.150,1005.900
NAT,21,1005.800,1006.300,1005.900
NAT,19,1003.900,1005.150,1005.900
NAT,20,1003.900,1005.300,1005.900
NAT,13,1007.000,1007.200,1007.200
NAT,15,1007.200,1007.100,1006.000
NAT,11,1007.600,1008.700,1009.400
NAT,13,1009.400,1010.000,1009.900
NAT,21,1008.500,1009.000,1008.100
NAT,3,1005.600,1006.000,1005.300
NAT,9,1005.300,1005.200,1005.900
NAT,11,1005.900,1006.400,1006.400
NAT,13,1006.400,1006.100,1005.400
NAT,16,1004.700,1003.800,1003.200
NAT,18,1003.200,1003.200,1003.300
NAT,20,1003.300,1004.450,1004.600
NAT,21,1003.300,1004.667,1004.600
NAT,23,1003.300,1004.950,1004.600
NAT,4,1003.300,1004.700,1004.600
NAT,11,1004.900,1006.067,1005.600
NAT,12,1004.900,1006.200,1005.600
NAT,13,1004.900,1006.200,1005.600
NAT,15,1005.600,1004.317,1004.400
NAT,16,1005.600,1004.040,1004.400
NAT,17,1005.600,1003.875,1004.400
NAT,18,1005.600,1003.767,1004.400
NAT,19,1005.600,1003.750,1004.400
NAT,20,1005.600,1004.200,1004.400
NAT,9,1004.400,1006.243,1004.700
NAT,10,1004.400,1006.400,1004.700
NAT,11,1004.400,1006.480,1004.700
NAT,12,1004.400,1006.400,1004.700
NAT,13,1004.400,1006.200,1004.700
NAT,14,1004.400,1005.950,1004.700
NAT,15,1004.400,1005.600,1004.700
NAT,13,1006.800,1006.800,1006.400
NAT,20,1009.900,1010.400,1010.900
NAT,10,1008.600,1009.700,1010.000
NAT,11,1008.600,1009.950,1010.000
NAT,12,1008.600,1010.200,1010.000
NAT,14,1010.000,1009.500,1009.100
NAT,16,1009.100,1008.200,1008.300
NAT,17,1009.100,1008.100,1008.300
NAT,18,1009.100,1008.100,1008.300
NAT,19,1009.100,1008.200,1008.300
NAT,21,1008.300,1009.080,1008.600
NAT,22,1008.300,1009.200,1008.600
NAT,0,1008.300,1009.167,1008.600
NAT,2,1008.300,1009.100,1008.600
NAT,3,1008.300,1008.800,1008.600
NAT,9,1008.100,1009.833,1010.200
NAT,10,1008.100,1010.100,1010.200
NAT,11,1008.100,1010.300,1010.200
NAT,10,1008.500,1012.440,1011.400
NAT,11,1008.500,1012.675,1011.400
NAT,12,1008.500,1012.733,1011.400
NAT,13,1008.500,1012.550,1011.400
NAT,14,1008.500,1012.200,1011.400
NAT,16,1011.400,1010.667,1010.600
NAT,17,1011.400,1010.450,1010.600
NAT,18,1011.400,1010.100,1010.600
NAT,15,1011.700,1011.700,1010.700
NAT,12,1012.100,1012.850,1012.400
NAT,13,1012.100,1012.800,1012.400
NAT,15,1012.400,1010.733,1009.700
NAT,16,1012.400,1010.350,1009.700
NAT,17,1012.400,1010.100,1009.700
NAT,10,1010.600,1011.500,1012.200
NAT,9,1010.300,1011.800,1012.700
NAT,10,1010.300,1012.200,1012.700
NAT,11,1010.300,1012.500,1012.700
NAT,12,1010.900,1011.000,1010.900
NAT,16,1012.700,1012.500,1012.200
NAT,5,1009.400,1010.200,1010.100
NAT,10,1009.000,1010.200,1010.500
NAT,11,1009.000,1010.400,1010.500
NAT,13,1010.200,1009.900,1009.300
NAT,18,1007.100,1007.200,1007.300
NAT,0,1008.000,1009.800,1009.100
NAT,4,1009.100,1008.300,1007.900
NAT,11,1009.400,1010.450,1010.700
NAT,12,1009.400,1010.800,1010.700
NAT,10,1007.400,1007.900,1008.600
NAT,19,1006.600,1007.200,1007.300
NAT,10,1007.300,1008.100,1008.800
NAT,10,1009.700,1010.933,1011.100
NAT,11,1009.700,1011.200,1011.100
NAT,12,1009.700,1011.500,1011.100
NAT,3,1010.600,1009.500,1008.700
NAT,8,1008.400,1009.250,1009.900
NAT,9,1008.400,1009.367,1009.900
NAT,10,1008.400,1009.550,1009.900
NAT,11,1008.400,1009.700,1009.900
NAT,0,1009.300,1011.400,1008.500
NAT,20,1003.600,1003.700,1004.400
NAT,6,1005.900,1005.600,1006.000
NAT,9,1006.200,1006.900,1007.000
NAT,13,1007.900,1008.033,1006.200
NAT,14,1007.900,1007.900,1006.200
NAT,15,1007.900,1007.400,1006.200
NAT,17,1006.200,1005.400,1004.400
NAT,4,1005.900,1005.750,1005.100
NAT,5,1005.900,1005.500,1005.100
NAT,1,1008.500,1009.100,1008.700
NAT,3,1008.700,1008.200,1006.800
NAT,5,1007.000,1006.725,1006.600
NAT,6,1007.000,1006.700,1006.600
NAT,7,1007.000,1006.600,1006.600
NAT,8,1007.000,1006.500,1006.600
NAT,6,1006.300,1006.400,1006.500
NAT,11,1008.200,1008.900,1009.100
NAT,6,1005.800,1005.750,1006.200
NAT,7,1005.800,1005.800,1006.200
NAT,10,1005.400,1006.550,1007.000
NAT,11,1005.400,1006.700,1007.000
NAT,22,1005.800,1006.500,1006.200
NAT,6,1004.700,1004.600,1004.100
NAT,10,1005.500,1007.180,1007.000
NAT,11,1005.500,1007.375,1007.000
NAT,12,1005.500,1007.500,1007.000
NAT,13,1005.500,1007.450,1007.000
NAT,14,1005.500,1007.000,1007.000
NAT,18,1005.000,1004.800,1005.100
NAT,9,1005.600,1005.900,1006.400
NAT,11,1005.300,1006.100,1005.100
NAT,12,1005.300,1006.125,1005.100
NAT,13,1005.300,1005.933,1005.100
NAT,14,1005.300,1005.800,1005.100
NAT,15,1005.300,1005.600,1005.100
NAT,19,1005.300,1005.200,1004.900
NAT,8,1005.100,1005.800,1007.400
NAT,9,1005.100,1006.200,1007.400
NAT,12,1006.700,1006.900,1006.700
NAT,13,1008.500,1008.600,1007.100
NAT,14,1008.500,1008.200,1007.100
NAT,2,1008.100,1008.100,1007.500
NAT,22,1006.400,1008.067,1008.500
NAT,23,1006.400,1008.350,1008.500
NAT,0,1006.400,1008.500,1008.500
NAT,13,1008.600,1008.200,1007.900
NAT,6,1004.400,1004.700,1004.600
NAT,9,1004.900,1006.200,1007.700
NAT,10,1004.900,1006.600,1007.700
NAT,11,1004.900,1006.900,1007.700
NAT,17,1005.600,1005.050,1004.400
NAT,18,1005.600,1004.800,1004.400
NAT,3,1007.400,1006.800,1006.100
NAT,4,1007.400,1006.775,1006.100
NAT,5,1007.400,1006.864,1006.100
NAT,6,1007.400,1007.000,1006.100
NAT,7,1007.400,1007.211,1006.100
NAT,8,1007.400,1007.450,1006.100
NAT,9,1007.400,1007.729,1006.100
NAT,10,1007.400,1008.000,1006.100
NAT,11,1007.400,1008.120,1006.100
NAT,12,1007.400,1008.025,1006.100
NAT,13,1007.400,1007.667,1006.100
NAT,14,1007.400,1007.100,1006.100
NAT,15,1007.400,1006.400,1006.100
NAT,22,1006.900,1006.200,1007.500
NAT,23,1006.900,1006.042,1007.500
NAT,0,1006.900,1005.836,1007.500
NAT,1,1006.900,1005.600,1007.500
NAT,2,1006.900,1005.356,1007.500
NAT,3,1006.900,1005.150,1007.500
NAT,4,1006.900,1005.043,1007.500
NAT,5,1006.900,1005.067,1007.500
NAT,6,1006.900,1005.160,1007.500
NAT,7,1006.900,1005.425,1007.500
NAT,8,1006.900,1005.800,1007.500
NAT,9,1006.900,1006.250,1007.500
NAT,10,1006.900,1006.600,1007.500
NAT,18,1004.200,1006.009,1006.000
NAT,19,1004.200,1006.220,1006.000
NAT,20,1004.200,1006.489,1006.000
NAT,21,1004.200,1006.737,1006.000
NAT,22,1004.200,1006.957,1006.000
NAT,23,1004.200,1007.117,1006.000
NAT,0,1004.200,1007.140,1006.000
NAT,1,1004.200,1007.125,1006.000
NAT,2,1004.200,1006.900,1006.000
NAT,3,1004.200,1006.700,1006.000
NAT,4,1004.200,1006.500,1006.000
NAT,23,1006.600,1007.367,1007.200
NAT,0,1006.600,1007.500,1007.200
NAT,1,1006.600,1007.500,1007.200
NAT,2,1007.100,1006.600,1005.800
NAT,4,1005.800,1005.400,1004.300
NAT,13,1006.400,1005.950,1005.100
NAT,14,1006.400,1005.700,1005.100
NAT,13,1006.300,1005.008,1006.800
NAT,14,1006.300,1004.900,1006.800
NAT,15,1006.300,1004.864,1006.800
NAT,16,1006.300,1004.880,1006.800
NAT,17,1006.300,1004.944,1006.800
NAT,18,1006.300,1005.112,1006.800
NAT,19,1006.300,1005.343,1006.800
NAT,20,1006.300,1005.567,1006.800
NAT,21,1006.300,1005.840,1006.800
NAT,22,1006.300,1006.125,1006.800
NAT,23,1006.300,1006.400,1006.800
NAT,0,1006.300,1006.600,1006.800
NAT,1,1006.300,1006.800,1006.800
NAT,11,1006.200,1006.900,1006.100
NAT,12,1006.200,1006.950,1006.100
NAT,13,1006.200,1006.900,1006.100
NAT,21,1006.100,1006.750,1007.600
NAT,22,1006.100,1006.900,1007.600
NAT,11,1007.500,1007.443,1007.700
NAT,12,1007.500,1007.369,1007.700
NAT,13,1007.500,1007.258,1007.700
NAT,14,1007.500,1007.127,1007.700
NAT,15,1007.500,1007.030,1007.700
NAT,16,1007.500,1007.011,1007.700
NAT,17,1007.500,1007.025,1007.700
NAT,18,1007.500,1007.014,1007.700
NAT,19,1007.500,1007.083,1007.700
NAT,20,1007.500,1007.140,1007.700
NAT,21,1007.500,1007.175,1007.700
NAT,22,1007.500,1007.233,1007.700
NAT,23,1007.500,1007.350,1007.700
NAT,0,1007.500,1007.300,1007.700
NAT,5,1007.000,1006.800,1007.000
NAT,6,1007.000,1006.900,1007.000
NAT,1,1007.500,1007.175,1006.100
NAT,2,1007.500,1007.100,1006.100
NAT,3,1007.500,1006.900,1006.100
NAT,4,1007.500,1006.500,1006.100
NAT,8,1006.100,1007.660,1008.400
NAT,9,1006.100,1007.875,1008.400
NAT,10,1006.100,1008.067,1008.400
NAT,11,1006.100,1008.250,1008.400
NAT,12,1006.100,1008.400,1008.400
NAT,2,1007.600,1006.410,1008.200
NAT,3,1007.600,1006.289,1008.200
NAT,4,1007.600,1006.200,1008.200
NAT,5,1007.600,1006.229,1008.200
NAT,6,1007.600,1006.350,1008.200
NAT,7,1007.600,1006.500,1008.200
NAT,8,1007.600,1006.800,1008.200
NAT,9,1007.600,1007.167,1008.200
NAT,10,1007.600,1007.550,1008.200
NAT,11,1007.600,1008.000,1008.200
NAT,14,1007.800,1005.880,1005.100
NAT,15,1007.800,1005.500,1005.100
NAT,16,1007.800,1005.200,1005.100
NAT,17,1007.800,1004.950,1005.100
NAT,18,1007.800,1004.700,1005.100
NAT,20,1005.100,1005.500,1005.900
NAT,13,1006.200,1006.000,1005.300
NAT,10,1006.600,1007.600,1008.200
NAT,12,1008.200,1008.400,1008.200
NAT,17,1005.700,1005.350,1005.300
NAT,18,1005.700,1005.000,1005.300
NAT,0,1006.500,1007.250,1007.100
NAT,1,1006.500,1007.400,1007.100
NAT,4,1006.800,1006.200,1005.700
NAT,11,1006.500,1007.200,1007.600
NAT,20,1004.400,1005.000,1004.800
NAT,7,1005.900,1006.000,1006.500
NAT,1,1007.600,1007.500,1006.400
NAT,2,1007.600,1007.400,1006.400
NAT,3,1007.600,1007.150,1006.400
NAT,4,1007.600,1006.800,1006.400
NAT,7,1006.600,1006.500,1006.700
NAT,2,1008.000,1007.250,1006.300
NAT,3,1008.000,1007.133,1006.300
NAT,4,1008.000,1006.900,1006.300
NAT,5,1008.000,1006.500,1006.300
NAT,7,1006.300,1007.000,1007.200
NAT,22,1006.800,1007.300,1007.900
NAT,10,1007.700,1008.600,1009.100
NAT,13,1008.900,1008.900,1008.500
NAT,2,1008.300,1008.400,1007.900
NAT,2,1010.000,1009.800,1008.800
NAT,3,1010.000,1009.600,1008.800
NAT,8,1008.400,1009.340,1009.700
NAT,9,1008.400,1009.350,1009.700
NAT,10,1008.400,1009.367,1009.700
NAT,11,1008.400,1009.450,1009.700
NAT,12,1008.400,1009.400,1009.700
NAT,20,1007.600,1008.000,1008.200
NAT,11,1008.700,1009.300,1009.300
NAT,21,1007.400,1007.800,1008.200
NAT,0,1008.700,1009.125,1007.900
NAT,1,1008.700,1009.100,1007.900
NAT,2,1008.700,1009.000,1007.900
NAT,3,1008.700,1008.800,1007.900
NAT,6,1007.600,1007.750,1008.100
NAT,7,1007.600,1007.800,1008.100
NAT,9,1008.100,1008.600,1009.200
NAT,11,1009.200,1010.050,1010.000
NAT,12,1009.200,1010.100,1010.000
NAT,23,1009.200,1009.900,1010.000
NAT,1,1010.000,1010.000,1009.600
NAT,6,1007.800,1007.700,1007.700
NAT,8,1007.700,1009.125,1009.900
NAT,9,1007.700,1009.433,1009.900
NAT,10,1007.700,1009.750,1009.900
NAT,11,1007.700,1009.900,1009.900
NAT,15,1009.500,1008.640,1009.000
NAT,16,1009.500,1008.550,1009.000
NAT,17,1009.500,1008.533,1009.000
NAT,18,1009.500,1008.450,1009.000
NAT,19,1009.500,1008.600,1009.000
NAT,21,1009.000,1008.900,1009.500
NAT,6,1009.300,1009.250,1009.600
NAT,7,1009.300,1009.200,1009.600
NAT,10,1010.000,1011.760,1010.900
NAT,11,1010.000,1011.975,1010.900
NAT,12,1010.000,1012.067,1010.900
NAT,13,1010.000,1012.000,1010.900
NAT,14,1010.000,1011.700,1010.900
NAT,4,1010.100,1009.450,1009.100
NAT,5,1010.100,1009.000,1009.100
NAT,7,1009.100,1009.250,1009.600
NAT,8,1009.100,1009.300,1009.600
NAT,14,1010.700,1010.300,1009.500
NAT,16,1009.500,1009.000,1008.400
NAT,22,1009.900,1010.300,1010.700
NAT,0,1010.700,1010.900,1010.900
NAT,2,1010.900,1010.700,1010.100
NAT,5,1009.500,1008.900,1008.400
NAT,19,1008.000,1008.650,1009.400
NAT,20,1008.000,1008.800,1009.400
NAT,6,1009.100,1008.750,1008.600
NAT,7,1009.100,1008.700,1008.600
NAT,19,1008.500,1008.700,1008.700
NAT,6,1008.700,1008.600,1008.800
NAT,6,1008.100,1007.900,1007.700
NAT,8,1007.700,1008.860,1009.200
NAT,9,1007.700,1009.050,1009.200
NAT,10,1007.700,1009.300,1009.200
NAT,11,1007.700,1009.500,1009.200
NAT,12,1007.700,1009.600,1009.200
NAT,6,1007.700,1007.100,1007.100
NAT,12,1008.700,1008.700,1007.100
NAT,13,1008.700,1008.567,1007.100
NAT,14,1008.700,1008.300,1007.100
NAT,15,1008.700,1007.800,1007.100
NAT,17,1007.100,1006.600,1006.500
NAT,23,1007.800,1008.500,1008.700
NAT,23,1006.400,1007.200,1007.500
NAT,4,1007.100,1006.800,1006.200
NAT,7,1005.700,1006.100,1006.600
NAT,11,1008.200,1008.500,1008.800
NAT,21,1007.500,1007.700,1008.300
NAT,5,1008.900,1008.600,1008.600
NAT,4,1010.800,1010.500,1009.900
NAT,6,1009.900,1009.900,1010.100
NAT,7,1009.900,1010.000,1010.100
NAT,9,1010.100,1010.500,1011.200
NAT,10,1010.100,1010.800,1011.200
NAT,2,1009.300,1008.950,1008.400
NAT,3,1009.300,1008.700,1008.400
NAT,5,1008.400,1008.000,1007.800
NAT,13,1009.800,1009.900,1009.500
NAT,23,1009.000,1009.700,1010.100
NAT,22,1007.500,1008.200,1008.900
NAT,23,1007.500,1008.400,1008.900
NAT,6,1007.300,1007.400,1007.400
NAT,15,1009.000,1008.300,1007.400
NAT,18,1009.600,1009.300,1009.500
NAT,23,1010.300,1011.000,1011.000
NAT,6,1009.800,1009.850,1010.000
NAT,7,1009.800,1009.900,1010.000
NAT,9,1010.000,1010.300,1010.900
NAT,15,1009.600,1009.500,1008.600
NAT,3,1010.700,1010.000,1009.900
NAT,4,1010.700,1009.800,1009.900
NAT,5,1010.700,1009.700,1009.900
NAT,6,1010.700,1009.700,1009.900
NAT,8,1009.900,1010.450,1011.000
NAT,9,1009.900,1010.600,1011.000
NAT,4,1011.600,1011.000,1010.500
NAT,7,1010.500,1011.150,1011.100
NAT,8,1010.500,1011.200,1011.100
NAT,10,1011.100,1012.300,1012.700
NAT,11,1011.100,1012.500,1012.700
NAT,13,1012.700,1012.700,1012.000
NAT,4,1010.400,1009.700,1009.300
NAT,8,1009.000,1009.600,1009.800
NAT,7,1009.000,1009.200,1009.500
NAT,6,1008.400,1008.100,1008.100
NAT,18,1007.600,1007.500,1007.700
NAT,17,1009.100,1008.500,1008.300
NAT,3,1013.400,1012.567,1012.400
NAT,4,1013.400,1012.400,1012.400
NAT,5,1013.400,1012.400,1012.400
NAT,7,1012.400,1012.900,1012.600
NAT,10,1012.600,1013.300,1013.600
NAT,11,1012.600,1013.500,1013.600
NAT,23,1011.900,1012.900,1013.000
NAT,1,1013.000,1013.200,1013.100
NAT,4,1012.800,1012.000,1011.700
NAT,20,1008.500,1009.100,1009.900
NAT,21,1008.500,1009.400,1009.900
NAT,6,1010.300,1010.000,1010.000
NAT,12,1012.200,1012.400,1012.300
NAT,8,1009.400,1009.650,1010.600
NAT,9,1009.400,1009.900,1010.600
NAT,23,1011.800,1012.600,1013.100
NAT,20,1009.300,1009.600,1010.200
NAT,13,1012.500,1012.100,1010.600
NAT,14,1012.500,1011.700,1010.600
NAT,0,1012.000,1012.500,1012.600
NAT,1,1012.500,1012.600,1012.300
NAT,10,1009.900,1010.200,1010.600
NAT,22,1007.900,1008.300,1008.700
NAT,0,1008.700,1009.200,1009.800
NAT,3,1009.300,1007.840,1008.100
NAT,4,1009.300,1007.675,1008.100
NAT,5,1009.300,1007.633,1008.100
NAT,6,1009.300,1007.600,1008.100
NAT,7,1009.300,1007.800,1008.100
NAT,9,1008.100,1008.500,1008.800
NAT,14,1009.400,1009.000,1008.300
NAT,16,1008.300,1007.600,1007.500
NAT,6,1007.800,1007.900,1007.900
NAT,11,1008.400,1009.100,1009.000
NAT,1,1009.100,1009.100,1008.900
NAT,5,1007.700,1007.400,1007.800
NAT,6,1007.700,1007.350,1007.800
NAT,7,1007.700,1007.400,1007.800
NAT,13,1006.200,1006.100,1005.800
NAT,11,1007.400,1008.100,1008.400
NAT,4,1006.300,1005.450,1005.400
NAT,5,1006.300,1005.300,1005.400
NAT,8,1005.400,1007.033,1008.300
NAT,9,1005.400,1007.550,1008.300
NAT,10,1005.400,1008.100,1008.300
NAT,5,1005.900,1006.000,1006.600
NAT,6,1005.900,1006.000,1006.600
NAT,12,1008.000,1008.200,1008.400
NAT,15,1008.500,1007.800,1007.000
NAT,17,1007.000,1007.000,1006.800
NAT,19,1006.800,1008.217,1009.400
NAT,20,1006.800,1008.460,1009.400
NAT,21,1006.800,1008.625,1009.400
NAT,22,1006.800,1008.900,1009.400
NAT,23,1006.800,1009.250,1009.400
NAT,0,1006.800,1009.300,1009.400
NAT,2,1009.400,1009.100,1008.300
NAT,5,1007.700,1007.400,1006.600
NAT,8,1006.700,1007.333,1008.400
NAT,9,1006.700,1007.400,1008.400
NAT,10,1006.700,1007.700,1008.400
NAT,13,1008.500,1008.200,1008.200
NAT,6,1006.200,1005.900,1005.600
NAT,10,1007.000,1008.000,1008.600
NAT,11,1007.000,1008.300,1008.600
NAT,7,1006.700,1006.800,1007.000
NAT,14,1008.300,1008.400,1007.600
NAT,10,1004.600,1006.000,1006.700
NAT,11,1004.600,1006.500,1006.700
NAT,13,1006.700,1006.500,1005.000
NAT,14,1006.700,1006.400,1005.000
NAT,15,1006.700,1006.050,1005.000
NAT,16,1006.700,1005.600,1005.000
NAT,4,1006.300,1005.800,1005.400
NAT,9,1005.100,1005.900,1006.400
NAT,15,1005.200,1004.267,1003.800
NAT,16,1005.200,1004.080,1003.800
NAT,17,1005.200,1004.025,1003.800
NAT,18,1005.200,1004.000,1003.800
NAT,19,1005.200,1004.150,1003.800
NAT,20,1005.200,1003.900,1003.800
NAT,5,1004.200,1003.433,1003.600
NAT,6,1004.200,1003.400,1003.600
NAT,7,1004.200,1003.500,1003.600
NAT,15,1005.900,1005.900,1003.700
NAT,16,1005.900,1005.000,1003.700
NAT,0,1007.300,1007.750,1007.600
NAT,1,1007.300,1007.700,1007.600
NAT,3,1007.600,1006.900,1006.500
NAT,18,1005.500,1005.200,1005.400
NAT,22,1006.500,1007.400,1007.300
NAT,5,1006.200,1005.900,1005.600
NAT,6,1006.900,1006.900,1006.300
NAT,6,1004.500,1003.800,1003.900
NAT,12,1006.800,1007.200,1007.000
NAT,7,1004.300,1004.200,1004.500
NAT,9,1004.100,1004.200,1005.000
NAT,11,1005.000,1006.533,1006.500
NAT,12,1005.000,1006.800,1006.500
NAT,13,1005.000,1006.700,1006.500
NAT,20,1003.500,1004.300,1004.600
NAT,3,1006.600,1006.520,1007.900
NAT,4,1006.600,1006.589,1007.900
NAT,5,1006.600,1006.725,1007.900
NAT,6,1006.600,1006.843,1007.900
NAT,7,1006.600,1007.117,1007.900
NAT,8,1006.600,1007.400,1007.900
NAT,9,1006.600,1007.725,1007.900
NAT,10,1006.600,1008.033,1007.900
NAT,11,1006.600,1008.250,1007.900
NAT,12,1006.600,1008.300,1007.900
NAT,2,1007.800,1007.400,1007.100
NAT,4,1007.100,1006.280,1006.600
NAT,5,1007.100,1006.125,1006.600
NAT,6,1007.100,1006.033,1006.600
NAT,7,1007.100,1006.200,1006.600
NAT,8,1007.100,1006.400,1006.600
NAT,17,1004.600,1004.400,1004.100
NAT,3,1006.300,1005.700,1005.000
NAT,12,1007.800,1007.700,1007.800
NAT,8,1004.600,1004.600,1005.400
NAT,11,1006.000,1007.050,1007.300
NAT,12,1006.000,1007.300,1007.300
NAT,2,1006.100,1006.200,1005.200
NAT,11,1006.000,1006.600,1006.900
NAT,13,1006.900,1007.200,1006.200
NAT,5,1005.100,1004.500,1004.400
NAT,7,1004.400,1005.050,1006.400
NAT,8,1004.400,1005.233,1006.400
NAT,9,1004.400,1005.400,1006.400
NAT,10,1004.400,1005.700,1006.400
NAT,2,1004.900,1004.750,1003.900
NAT,3,1004.900,1004.400,1003.900
NAT,5,1003.900,1003.800,1003.300
NAT,7,1003.300,1003.950,1004.900
NAT,8,1003.300,1004.400,1004.900
NAT,10,1004.900,1005.400,1005.600
NAT,22,1005.700,1006.000,1007.200
NAT,7,1005.900,1006.000,1005.800
NAT,18,1005.000,1004.600,1004.700
NAT,22,1005.600,1006.850,1006.900
NAT,23,1005.600,1006.800,1006.900
NAT,19,1003.600,1003.600,1003.800
NAT,17,1004.400,1003.600,1003.900
NAT,14,1007.200,1006.900,1006.200
NAT,5,1006.600,1006.000,1006.000
NAT,3,1007.300,1006.500,1005.800
NAT,4,1007.300,1006.500,1005.800
NAT,5,1004.400,1004.250,1004.700
NAT,6,1004.400,1004.200,1004.700
NAT,8,1004.700,1005.300,1005.800
NAT,10,1005.800,1008.520,1007.000
NAT,11,1005.800,1008.850,1007.000
NAT,12,1005.800,1009.000,1007.000
NAT,13,1005.800,1008.850,1007.000
NAT,14,1005.800,1008.400,1007.000
NAT,10,1008.000,1009.300,1010.200
NAT,11,1008.000,1009.500,1010.200
NAT,13,1010.200,1009.333,1007.500
NAT,14,1010.200,1009.050,1007.500
NAT,15,1010.200,1008.300,1007.500
NAT,17,1007.000,1006.200,1006.000
NAT,12,1009.200,1009.600,1009.400
NAT,2,1009.300,1009.000,1008.000
NAT,8,1006.100,1006.900,1007.800
NAT,9,1006.100,1007.250,1007.800
NAT,10,1006.100,1007.600,1007.800
NAT,1,1007.600,1007.329,1006.400
NAT,2,1007.600,1007.167,1006.400
NAT,3,1007.600,1006.960,1006.400
NAT,4,1007.600,1006.775,1006.400
NAT,5,1007.600,1006.667,1006.400
NAT,6,1007.600,1006.600,1006.400
NAT,7,1007.600,1006.500,1006.400
NAT,11,1007.500,1007.500,1007.600
NAT,7,1005.200,1005.100,1005.200
NAT,14,1008.200,1007.600,1006.500
NAT,4,1007.000,1006.600,1005.700
NAT,3,1007.900,1007.500,1007.100
NAT,6,1006.900,1006.700,1006.500
NAT,21,1007.100,1007.500,1008.000
NAT,17,1007.900,1006.800,1006.900
NAT,5,1007.800,1007.400,1007.100
NAT,11,1008.500,1009.300,1009.100
NAT,1,1008.400,1008.600,1008.300
NAT,12,1006.700,1006.929,1005.400
NAT,13,1006.700,1006.783,1005.400
NAT,14,1006.700,1006.600,1005.400
NAT,15,1006.700,1006.325,1005.400
NAT,16,1006.700,1005.933,1005.400
NAT,17,1006.700,1005.650,1005.400
NAT,18,1006.700,1005.300,1005.400
NAT,1,1007.300,1007.300,1006.800
NAT,4,1006.000,1004.967,1004.600
NAT,5,1006.000,1004.650,1004.600
NAT,6,1006.000,1004.600,1004.600
NAT,11,1006.100,1006.700,1007.100
NAT,0,1007.100,1007.900,1007.800
NAT,6,1006.100,1006.375,1007.400
NAT,7,1006.100,1006.467,1007.400
NAT,8,1006.100,1006.600,1007.400
NAT,9,1006.100,1006.700,1007.400
NAT,10,1006.500,1007.400,1007.700
NAT,11,1006.500,1007.700,1007.700
NAT,11,1007.300,1008.300,1007.700
NAT,12,1007.300,1008.400,1007.700
NAT,13,1007.300,1008.300,1007.700
NAT,0,1007.600,1008.167,1007.500
NAT,1,1007.600,1008.150,1007.500
NAT,2,1007.600,1007.900,1007.500
NAT,4,1007.500,1006.800,1006.300
NAT,10,1007.700,1008.300,1008.600
NAT,22,1007.400,1008.300,1008.400
NAT,1,1008.500,1007.850,1007.500
NAT,2,1008.500,1007.500,1007.500
NAT,7,1006.500,1008.273,1007.100
NAT,8,1006.500,1008.420,1007.100
NAT,9,1006.500,1008.589,1007.100
NAT,10,1006.500,1008.725,1007.100
NAT,11,1006.500,1008.800,1007.100
NAT,12,1006.500,1008.733,1007.100
NAT,13,1006.500,1008.540,1007.100
NAT,14,1006.500,1008.275,1007.100
NAT,15,1006.500,1007.933,1007.100
NAT,16,1006.500,1007.550,1007.100
NAT,17,1006.500,1007.000,1007.100
NAT,5,1007.800,1007.350,1007.000
NAT,6,1007.800,1007.200,1007.000
NAT,10,1008.100,1008.600,1009.500
NAT,22,1007.500,1008.750,1009.700
NAT,23,1007.500,1009.100,1009.700
NAT,10,1007.700,1008.400,1008.900
NAT,20,1006.700,1008.380,1009.500
NAT,21,1006.700,1008.750,1009.500
NAT,22,1006.700,1009.033,1009.500
NAT,23,1006.700,1009.250,1009.500
NAT,0,1006.700,1009.800,1009.500
NAT,5,1008.400,1007.567,1007.500
NAT,6,1008.400,1007.300,1007.500
NAT,7,1008.400,1007.100,1007.500
NAT,16,1009.200,1008.800,1008.100
NAT,17,1009.200,1008.700,1008.100
NAT,14,1010.000,1008.040,1007.200
NAT,15,1010.000,1007.725,1007.200
NAT,16,1010.000,1007.567,1007.200
NAT,17,1010.000,1007.550,1007.200
NAT,18,1010.000,1007.500,1007.200
NAT,12,1009.600,1009.700,1009.500
NAT,8,1006.500,1006.600,1007.000
NAT,10,1007.000,1007.700,1008.200
NAT,5,1007.300,1006.700,1006.400
NAT,15,1007.600,1007.400,1006.600
NAT,22,1007.700,1008.350,1009.000
NAT,23,1007.700,1008.600,1009.000
NAT,5,1008.300,1007.700,1007.300
NAT,10,1009.200,1010.500,1011.400
NAT,9,1008.200,1008.900,1009.600
NAT,3,1010.100,1009.750,1009.200
NAT,4,1010.100,1009.600,1009.200
NAT,23,1007.700,1009.033,1008.900
NAT,0,1007.700,1009.150,1008.900
NAT,1,1007.700,1009.100,1008.900
NAT,22,1008.300,1008.600,1008.900
NAT,1,1009.800,1010.000,1010.100
NAT,3,1010.100,1009.133,1008.300
NAT,4,1010.100,1008.800,1008.300
NAT,5,1010.100,1008.700,1008.300
NAT,7,1008.300,1009.900,1010.700
NAT,8,1008.300,1010.160,1010.700
NAT,9,1008.300,1010.425,1010.700
NAT,10,1008.300,1010.767,1010.700
NAT,11,1008.300,1011.150,1010.700
NAT,12,1008.300,1011.300,1010.700
NAT,1,1008.600,1008.500,1008.100
NAT,2,1008.600,1008.500,1008.100
NAT,6,1006.900,1006.700,1006.700
NAT,9,1006.700,1007.200,1007.700
NAT,8,1006.200,1006.600,1007.200
NAT,5,1009.700,1009.550,1009.800
NAT,6,1009.700,1009.500,1009.800
NAT,7,1009.700,1009.650,1009.800
NAT,8,1009.700,1009.600,1009.800
NAT,2,1009.500,1009.500,1008.600
NAT,6,1008.000,1007.800,1007.500
NAT,13,1009.500,1009.000,1007.700
NAT,14,1009.500,1008.700,1007.700
NAT,15,1009.500,1008.400,1007.700
NAT,10,1008.100,1009.200,1009.500
NAT,11,1008.100,1009.400,1009.500
NAT,15,1009.300,1008.950,1008.200
NAT,16,1009.300,1008.600,1008.200
NAT,18,1008.200,1007.500,1007.400
NAT,9,1008.100,1009.133,1010.700
NAT,10,1008.100,1009.500,1010.700
NAT,11,1008.100,1009.900,1010.700
NAT,14,1010.500,1010.067,1009.300
NAT,15,1010.500,1009.800,1009.300
NAT,16,1010.500,1009.500,1009.300
NAT,19,1008.800,1009.000,1009.200
NAT,21,1009.200,1009.400,1009.700
NAT,23,1009.700,1010.200,1010.500
NAT,2,1010.800,1010.567,1009.100
NAT,3,1010.800,1010.400,1009.100
NAT,4,1010.800,1010.100,1009.100
NAT,3,1010.100,1009.600,1009.200
NAT,20,1007.500,1007.600,1007.900
NAT,23,1008.200,1008.767,1008.500
NAT,0,1008.200,1008.850,1008.500
NAT,1,1008.200,1008.700,1008.500
NAT,12,1008.100,1008.450,1007.500
NAT,13,1008.100,1008.500,1007.500
NAT,11,1008.500,1009.300,1009.100
NAT,12,1008.500,1009.400,1009.100
NAT,3,1007.800,1007.700,1007.400
NAT,14,1008.700,1008.150,1006.900
NAT,15,1008.700,1007.800,1006.900
NAT,21,1007.000,1007.767,1008.400
NAT,22,1007.000,1008.000,1008.400
NAT,23,1007.000,1008.300,1008.400
NAT,1,1008.400,1007.925,1006.800
NAT,2,1008.400,1007.733,1006.800
NAT,3,1008.400,1007.400,1006.800
NAT,4,1008.400,1007.200,1006.800
NAT,6,1006.800,1007.482,1006.200
NAT,7,1006.800,1007.610,1006.200
NAT,8,1006.800,1007.744,1006.200
NAT,9,1006.800,1007.888,1006.200
NAT,10,1006.800,1007.986,1006.200
NAT,11,1006.800,1008.033,1006.200
NAT,12,1006.800,1007.920,1006.200
NAT,13,1006.800,1007.725,1006.200
NAT,14,1006.800,1007.433,1006.200
NAT,15,1006.800,1007.100,1006.200
NAT,16,1006.800,1006.700,1006.200
NAT,6,1007.900,1008.400,1009.500
NAT,7,1007.900,1008.567,1009.500
NAT,8,1007.900,1008.900,1009.500
NAT,9,1007.900,1009.300,1009.500
NAT,17,1007.800,1008.080,1008.700
NAT,18,1007.800,1008.175,1008.700
NAT,19,1007.800,1008.367,1008.700
NAT,20,1007.800,1008.600,1008.700
NAT,21,1007.800,1008.700,1008.700
NAT,4,1008.400,1007.900,1007.400
NAT,9,1007.900,1009.000,1009.500
NAT,10,1007.900,1009.300,1009.500
NAT,11,1007.900,1009.500,1009.500
NAT,16,1010.100,1009.600,1009.400
NAT,2,1011.100,1010.500,1009.400
NAT,3,1011.100,1010.000,1009.400
NAT,4,1009.700,1009.200,1008.600
NAT,6,1008.600,1009.450,1011.000
NAT,7,1008.600,1009.640,1011.000
NAT,8,1008.600,1009.875,1011.000
NAT,9,1008.600,1010.100,1011.000
NAT,10,1008.600,1010.400,1011.000
NAT,11,1008.600,1010.800,1011.000
NAT,7,1007.300,1007.400,1007.700
NAT,16,1008.400,1007.900,1007.200
NAT,11,1008.100,1008.600,1008.900
NAT,17,1007.400,1006.800,1006.300
NAT,13,1010.700,1010.400,1009.800
NAT,20,1007.800,1008.100,1008.500
NAT,1,1010.000,1009.900,1009.600
NAT,7,1008.900,1009.250,1009.600
NAT,8,1008.900,1009.300,1009.600
NAT,10,1009.600,1010.650,1010.900
NAT,11,1009.600,1010.900,1010.900
NAT,16,1009.500,1009.000,1008.300
NAT,22,1009.100,1009.700,1009.900
NAT,6,1008.300,1008.100,1008.300
NAT,8,1008.300,1008.900,1009.100
NAT,12,1012.000,1012.400,1012.300
NAT,1,1011.100,1011.400,1011.300
NAT,3,1008.900,1008.300,1007.700
NAT,3,1008.100,1007.600,1006.900
NAT,4,1008.100,1007.400,1006.900
NAT,7,1006.700,1007.000,1007.500
NAT,8,1006.700,1007.100,1007.500
NAT,10,1008.500,1009.100,1010.000
NAT,1,1009.200,1009.600,1009.100
NAT,1,1010.400,1010.100,1008.700
NAT,2,1010.400,1009.900,1008.700
NAT,3,1010.400,1009.650,1008.700
NAT,4,1010.400,1009.500,1008.700
NAT,7,1008.500,1008.500,1008.700
NAT,10,1009.200,1009.700,1010.100
NAT,14,1010.800,1010.550,1009.800
NAT,15,1010.800,1010.400,1009.800
NAT,18,1008.900,1009.200,1009.400
NAT,2,1009.100,1008.900,1008.200
NAT,4,1008.200,1007.500,1007.200
NAT,6,1008.200,1008.300,1008.500
NAT,5,1007.600,1007.400,1008.300
NAT,16,1008.300,1007.400,1006.900
NAT,18,1006.900,1006.400,1006.600
NAT,20,1006.600,1007.000,1007.600
NAT,2,1009.400,1009.000,1008.100
NAT,9,1007.300,1007.400,1008.100
NAT,0,1007.400,1007.800,1007.900
NAT,11,1007.100,1007.900,1008.000
NAT,14,1007.800,1007.400,1006.700
NAT,15,1009.000,1008.200,1007.200
NAT,17,1007.200,1007.000,1007.000
NAT,10,1008.000,1007.600,1008.100
NAT,18,1006.100,1006.100,1006.000
NAT,10,1006.800,1009.675,1008.700
NAT,11,1006.800,1009.667,1008.700
NAT,12,1006.800,1009.600,1008.700
NAT,13,1006.800,1009.200,1008.700
NAT,11,1006.800,1007.200,1007.700
NAT,11,1005.600,1006.300,1006.300
NAT,15,1007.200,1006.800,1006.200
NAT,11,1006.700,1007.000,1007.600
NAT,11,1004.900,1007.800,1007.700
NAT,14,1011.000,1010.400,1009.600
CAI,18,991.500,993.350,993.800
CAI,19,991.500,993.500,993.800
CAI,20,989.100,989.300,990.000
CAI,21,990.400,992.200,995.200
CAI,23,991.300,995.300,994.400
CAI,20,992.400,993.600,994.200
CAI,21,991.000,992.300,994.000
CAI,17,994.000,993.600,992.600
CAI,18,989.900,990.400,990.800
CAI,21,991.800,992.600,993.700
CAI,9,993.700,994.850,996.600
CAI,10,993.700,995.200,996.600
CAI,12,996.600,996.900,996.600
CAI,16,992.800,992.900,992.000
CAI,19,992.800,994.150,994.000
CAI,20,992.800,994.500,994.000
CAI,20,992.000,992.700,993.300
CAI,19,989.400,990.300,990.600
CAI,17,991.400,992.650,991.700
CAI,18,991.400,992.400,991.700
CAI,18,989.600,989.350,989.600
CAI,19,989.600,989.200,989.600
CAI,21,990.000,990.800,992.100
CAI,21,989.200,990.900,992.100
CAI,21,988.200,989.300,991.300
CAI,21,988.700,990.300,991.900
CAI,20,988.600,989.100,989.700
CAI,20,988.100,989.900,990.800
CAI,19,989.900,989.300,990.300
CAI,17,990.700,990.450,990.100
CAI,18,990.700,990.100,990.100
CAI,22,990.500,991.800,991.400
CAI,19,988.700,990.250,990.600
CAI,20,988.700,989.800,990.600
CAI,17,990.200,989.900,989.200
CAI,17,990.500,991.300,990.600
CAI,20,989.400,990.100,992.900
CAI,21,989.400,990.200,992.900
CAI,21,989.000,990.100,990.900
CAI,16,991.700,990.600,989.800
CAI,18,989.800,990.000,991.000
CAI,20,991.000,992.250,992.700
CAI,21,991.000,992.600,992.700
CAI,21,990.600,990.500,992.500
CAI,16,995.200,995.500,994.600
CAI,15,996.600,996.000,994.900
CAI,16,998.500,997.400,996.600
CAI,17,996.800,996.200,995.500
CAI,21,991.000,991.600,991.800
CAI,21,989.400,990.200,993.800
CAI,18,991.800,992.750,993.600
CAI,19,991.800,992.800,993.600
CAI,21,986.100,987.600,989.200
CAI,2,990.500,994.500,993.200
CAI,20,990.300,990.600,991.000
CAI,10,990.400,993.567,993.900
CAI,11,990.400,993.850,993.900
CAI,12,990.400,994.000,993.900
CAI,21,992.900,992.900,994.000
CAI,16,992.600,991.400,990.600
CAI,21,991.700,992.500,992.900
CAI,23,990.700,992.600,993.200
CAI,21,991.600,993.600,993.800
CAI,21,989.400,990.300,991.000
CAI,21,988.200,989.200,992.000
CAI,1,991.500,994.300,992.600
CAI,18,988.900,988.700,988.700
CAI,15,991.900,991.300,989.900
CAI,18,989.100,989.725,991.600
CAI,19,989.100,990.167,991.600
CAI,20,989.100,990.600,991.600
CAI,21,989.100,991.000,991.600
CAI,19,989.200,990.667,992.100
CAI,20,989.200,991.250,992.100
CAI,21,989.200,991.600,992.100
CAI,20,988.700,989.400,990.800
CAI,16,990.700,989.700,988.800
CAI,1,990.000,993.000,992.300
CAI,15,994.300,992.700,990.800
CAI,16,994.300,992.000,990.800
CAI,20,992.200,993.400,993.300
CAI,21,992.200,992.500,994.000
CAI,16,992.600,991.900,991.300
CAI,17,992.600,991.700,991.300
CAI,19,986.200,985.700,985.800
CAI,19,990.100,991.100,990.700
CAI,19,990.500,992.250,992.800
CAI,20,990.500,992.300,992.800
CAI,22,991.800,992.900,993.300
CAI,23,992.400,994.700,994.800
CAI,0,992.400,994.900,994.800
CAI,19,990.100,989.600,989.600
CAI,3,994.200,993.800,993.400
CAI,20,989.700,989.600,990.600
CAI,21,989.700,989.800,990.600
CAI,0,995.400,993.500,993.700
CAI,1,995.400,993.150,993.700
CAI,2,995.400,993.200,993.700
CAI,23,991.400,993.150,994.200
CAI,0,991.400,993.400,994.200
CAI,21,989.400,992.850,994.100
CAI,22,989.400,993.033,994.100
CAI,23,989.400,993.350,994.100
CAI,0,989.400,993.600,994.100
CAI,19,990.500,992.250,992.800
CAI,20,990.500,992.700,992.800
CAI,20,991.600,994.050,995.200
CAI,21,991.600,994.600,995.200
CAI,22,991.600,994.975,995.200
CAI,23,991.600,995.433,995.200
CAI,0,991.600,995.750,995.200
CAI,1,991.600,995.800,995.200
CAI,1,994.500,994.800,994.800
CAI,0,993.200,993.136,992.900
CAI,1,993.200,993.077,992.900
CAI,2,993.200,992.967,992.900
CAI,3,993.200,992.873,992.900
CAI,4,993.200,992.810,992.900
CAI,5,993.200,992.767,992.900
CAI,6,993.200,992.775,992.900
CAI,7,993.200,992.843,992.900
CAI,8,993.200,992.950,992.900
CAI,9,993.200,993.160,992.900
CAI,10,993.200,993.350,992.900
CAI,11,993.200,993.533,992.900
CAI,12,993.200,993.750,992.900
CAI,13,993.200,993.700,992.900
CAI,14,996.400,995.800,994.600
CAI,16,992.200,990.100,993.000
CAI,18,992.200,989.200,993.000
MAC,13,1011.100,1011.100,1010.900
MAC,15,1010.900,1010.200,1010.100
MAC,17,1010.100,1008.900,1008.600
MAC,18,1008.000,1008.400,1008.000
MAC,19,1006.700,1008.700,1010.400
MAC,20,1006.700,1009.250,1010.400
MAC,21,1006.700,1009.700,1010.400
MAC,21,1007.800,1007.900,1009.100
MAC,17,1007.100,1006.700,1006.200
MAC,15,1010.300,1009.300,1008.500
MAC,18,1008.000,1008.650,1010.500
MAC,19,1008.000,1008.833,1010.500
MAC,20,1008.000,1009.050,1010.500
MAC,21,1008.000,1009.300,1010.500
MAC,14,1012.800,1012.300,1011.500
MAC,16,1010.300,1009.900,1009.200
MAC,15,1010.900,1010.100,1009.500
MAC,16,1010.900,1009.950,1009.500
MAC,17,1010.900,1009.700,1009.500
MAC,15,1009.900,1009.300,1008.300
MAC,19,1007.300,1007.850,1008.000
MAC,20,1007.300,1007.800,1008.000
MAC,18,1011.700,1012.233,1013.000
MAC,19,1011.700,1012.450,1013.000
MAC,20,1011.700,1012.700,1013.000
MAC,18,1010.700,1010.300,1010.600
MAC,15,1010.200,1009.300,1008.200
MAC,16,1010.200,1008.800,1008.200
MAC,15,1009.600,1008.267,1007.900
MAC,16,1009.600,1007.900,1007.900
MAC,17,1009.600,1007.800,1007.900
MAC,20,1005.700,1006.300,1006.800
MAC,20,1006.500,1006.800,1006.500
MAC,16,1009.400,1010.217,1009.700
MAC,17,1009.400,1010.420,1009.700
MAC,18,1009.400,1010.600,1009.700
MAC,19,1009.400,1010.867,1009.700
MAC,20,1009.400,1011.300,1009.700
MAC,21,1009.400,1011.400,1009.700
MAC,17,1008.600,1008.450,1008.500
MAC,18,1008.600,1008.400,1008.500
MAC,20,1008.500,1008.100,1008.700
MAC,9,1006.600,1009.900,1011.200
MAC,10,1006.600,1010.500,1011.200
MAC,16,1011.400,1010.700,1009.300
MAC,18,1008.200,1008.200,1008.500
MAC,20,1007.900,1008.800,1009.200
MAC,17,1007.700,1007.400,1006.900
MAC,17,1008.200,1007.300,1007.100
MAC,13,1013.700,1013.100,1012.500
MAC,14,1015.000,1014.050,1012.500
MAC,15,1015.000,1013.500,1012.500
MAC,17,1009.600,1009.300,1009.000
MAC,15,1011.700,1011.400,1010.100
MAC,18,1009.800,1010.375,1011.800
MAC,19,1009.800,1010.667,1011.800
MAC,20,1009.800,1010.900,1011.800
MAC,21,1009.800,1011.300,1011.800
MAC,11,1013.400,1013.800,1013.700
MAC,17,1007.100,1006.200,1005.400
MAC,17,1008.800,1008.000,1008.400
MAC,16,1008.900,1008.100,1007.800
MAC,15,1011.500,1010.850,1009.300
MAC,16,1011.500,1010.500,1009.300
MAC,20,1007.100,1007.000,1007.500
MAC,20,1007.100,1007.400,1007.800
MAC,14,1009.500,1009.100,1008.500
MAC,15,1010.600,1009.400,1008.400
MAC,16,1010.600,1009.133,1008.400
MAC,17,1010.600,1008.950,1008.400
MAC,18,1010.600,1008.400,1008.400
MAC,12,1011.400,1011.700,1011.000
MAC,16,1010.100,1009.000,1009.000
MAC,15,1010.400,1009.550,1008.700
MAC,16,1010.400,1009.100,1008.700
MAC,19,1008.800,1009.500,1009.400
MAC,20,1008.800,1009.300,1009.400
MAC,19,1007.100,1008.050,1008.700
MAC,20,1007.100,1008.300,1008.700
MAC,9,1008.700,1011.750,1012.800
MAC,10,1008.700,1012.200,1012.800
MAC,12,1012.800,1013.100,1012.000
MAC,13,1012.800,1013.000,1012.000
MAC,18,1007.100,1006.900,1007.500
MAC,17,1007.400,1007.300,1006.500
MAC,18,1007.400,1006.900,1006.500
MAC,15,1013.200,1012.750,1011.800
MAC,16,1013.200,1012.500,1011.800
MAC,17,1010.900,1010.300,1010.000
MAC,16,1012.200,1011.600,1011.200
MAC,16,1012.500,1012.100,1012.000
MAC,9,1012.900,1014.200,1014.700
MAC,19,1012.300,1012.500,1013.100
MAC,20,1008.000,1008.300,1008.800
MAC,16,1009.400,1009.620,1009.800
MAC,17,1009.400,1009.725,1009.800
MAC,18,1009.400,1009.767,1009.800
MAC,19,1009.400,1010.000,1009.800
MAC,20,1009.400,1010.100,1009.800
MAC,19,1007.900,1007.900,1008.500
MAC,17,1007.900,1007.200,1006.800
MAC,19,1006.800,1007.200,1007.400
MAC,20,1008.700,1009.200,1010.200
MAC,16,1013.000,1012.300,1011.300
MAC,16,1012.700,1012.000,1011.200
MAC,18,1011.200,1011.100,1011.400
MAC,20,1011.100,1011.400,1011.800
MAC,8,1011.800,1011.700,1012.200
MAC,15,1013.500,1012.500,1012.000
MAC,16,1011.100,1010.900,1010.300
MAC,20,1008.700,1009.300,1009.600
MAC,14,1011.000,1010.700,1009.600
MAC,15,1011.000,1010.400,1009.600
MAC,17,1009.600,1009.050,1008.900
MAC,18,1009.600,1008.600,1008.900
MAC,15,1011.000,1010.500,1009.100
MAC,8,1009.400,1010.200,1010.900
MAC,20,1009.400,1010.100,1010.200
MAC,18,1008.600,1008.300,1008.100
MAC,19,1007.400,1008.500,1009.500
MAC,20,1007.400,1008.400,1009.500
MAC,12,1010.400,1011.200,1010.800
MAC,13,1010.400,1011.200,1010.800
MAC,15,1009.700,1008.600,1008.000
MAC,19,1008.200,1007.800,1007.600
MAC,18,1008.800,1008.900,1009.200
MAC,20,1009.200,1008.800,1008.700
MAC,13,1012.000,1012.100,1011.600
MAC,18,1008.300,1008.200,1007.800
MAC,14,1010.300,1009.800,1008.700
MAC,4,1009.900,1009.300,1008.900
MAC,1,1012.000,1012.000,1011.800
MAC,17,1008.700,1008.500,1007.800
MAC,4,1009.500,1008.550,1008.200
MAC,5,1009.500,1008.200,1008.200
MAC,12,1017.200,1017.400,1016.300
MAC,13,1017.200,1017.300,1016.300
MAC,19,1007.500,1007.900,1008.000
MAC,20,1007.500,1007.500,1008.000
MAC,6,1008.900,1009.860,1011.800
MAC,7,1008.900,1010.100,1011.800
MAC,8,1008.900,1010.467,1011.800
MAC,9,1008.900,1010.850,1011.800
MAC,10,1008.900,1011.100,1011.800
MAC,18,1009.200,1008.700,1008.600
MAC,5,1008.500,1008.000,1007.700
MAC,19,1009.300,1010.700,1010.600
MAC,20,1009.300,1010.400,1010.600
MAC,14,1012.600,1012.000,1011.200
MAC,13,1011.500,1011.300,1010.500
MAC,14,1011.500,1010.800,1010.500
MAC,16,1009.600,1009.000,1008.700
MAC,14,1009.800,1009.833,1007.800
MAC,15,1009.800,1009.450,1007.800
MAC,16,1009.800,1009.000,1007.800
MAC,18,1006.400,1006.900,1007.000
MAC,19,1006.400,1006.950,1007.000
MAC,20,1006.400,1007.100,1007.000
MAC,17,1008.300,1007.400,1006.900
MAC,22,1009.400,1010.250,1011.000
MAC,23,1009.400,1010.300,1011.000
MAC,7,1009.200,1009.600,1010.000
MAC,16,1009.800,1009.200,1008.700
MAC,18,1008.500,1008.200,1008.400
MAC,5,1010.300,1010.200,1009.900
MAC,14,1011.300,1010.200,1009.000
MAC,15,1011.300,1009.850,1009.000
MAC,16,1011.300,1009.200,1009.000
MAC,16,1009.200,1008.550,1007.900
MAC,17,1009.200,1008.200,1007.900
MAC,3,1011.800,1011.350,1010.700
MAC,4,1011.800,1011.000,1010.700
MAC,6,1010.700,1010.200,1009.100
MAC,7,1010.700,1009.900,1009.100
MAC,16,1009.400,1008.350,1007.300
MAC,17,1009.400,1007.500,1007.300
MAC,17,1007.600,1006.550,1006.100
MAC,18,1007.600,1006.100,1006.100
MAC,14,1010.600,1011.200,1009.400
MAC,17,1008.400,1008.050,1007.200
MAC,18,1008.400,1007.600,1007.200
MAC,15,1009.400,1008.500,1008.200
MAC,16,1009.300,1008.400,1007.700
MAC,15,1009.500,1008.600,1007.100
MAC,18,1005.600,1005.400,1005.800
MAC,19,1005.600,1005.600,1005.800
MAC,19,1007.400,1007.900,1008.000
MAC,17,1007.000,1006.900,1005.800
MAC,16,1008.600,1007.800,1007.500
MAC,19,1007.500,1008.200,1008.200
MAC,15,1010.000,1008.900,1007.800
MAC,21,1008.800,1009.850,1010.400
MAC,22,1008.800,1009.900,1010.400
MAC,15,1010.300,1009.600,1008.600
MAC,17,1008.600,1008.600,1008.100
MAC,17,1008.800,1009.025,1009.300
MAC,18,1008.800,1009.067,1009.300
MAC,19,1008.800,1009.050,1009.300
MAC,20,1008.800,1009.000,1009.300
MAC,18,1008.500,1008.700,1009.000
MAC,19,1009.000,1009.000,1009.800
MOS,9,1008.400,1010.725,1011.100
MOS,10,1008.400,1011.033,1011.100
MOS,11,1008.400,1011.200,1011.100
MOS,12,1008.400,1011.200,1011.100
MOS,10,1008.800,1009.850,1010.300
MOS,11,1008.800,1010.000,1010.300
MOS,14,1010.300,1010.100,1009.600
MOS,16,1009.600,1009.100,1008.900
MOS,13,1011.500,1011.900,1011.500
MOS,5,1007.100,1008.500,1008.300
MOS,11,1009.200,1009.700,1009.700
MOS,20,1006.300,1008.875,1008.800
MOS,21,1006.300,1009.500,1008.800
MOS,23,1006.300,1010.150,1008.800
MOS,0,1006.300,1010.500,1008.800
MOS,20,1007.700,1008.967,1009.100
MOS,21,1007.700,1009.350,1009.100
MOS,22,1007.700,1009.800,1009.100
MOS,10,1009.100,1010.000,1010.400
MOS,11,1011.600,1012.450,1012.500
MOS,12,1011.600,1012.400,1012.500
MOS,9,1009.500,1011.100,1012.000
MOS,10,1009.500,1011.500,1012.000
MOS,13,1012.100,1012.300,1012.100
MOS,15,1012.100,1011.267,1009.600
MOS,16,1012.100,1010.950,1009.600
MOS,17,1012.100,1010.600,1009.600
MOS,21,1009.200,1010.500,1010.100
MOS,15,1010.500,1009.600,1009.300
MOS,16,1010.500,1009.350,1009.300
MOS,17,1010.500,1009.000,1009.300
MOS,15,1009.100,1008.600,1008.300
MOS,13,1011.900,1012.000,1011.500
MOS,3,1006.100,1008.600,1007.300
MOS,10,1008.800,1010.667,1010.600
MOS,11,1008.800,1010.950,1010.600
MOS,12,1008.800,1011.000,1010.600
MOS,18,1008.800,1007.900,1007.700
MOS,18,1007.400,1007.800,1008.200
MOS,20,1006.700,1007.800,1009.200
MOS,16,1009.200,1008.800,1008.100
MOS,15,1010.900,1010.800,1009.800
MOS,5,1011.300,1012.400,1012.900
MOS,19,1007.000,1005.800,1006.300
MOS,20,1008.800,1009.300,1010.000
MOS,21,1008.800,1009.400,1010.000
MOS,16,1006.800,1006.100,1005.300
MOS,17,1006.800,1005.800,1005.300
MOS,0,1005.900,1008.425,1009.700
MOS,5,1005.900,1008.457,1009.700
MOS,8,1005.900,1008.783,1009.700
MOS,9,1005.900,1009.080,1009.700
MOS,10,1005.900,1009.425,1009.700
MOS,11,1005.900,1009.700,1009.700
MOS,12,1005.900,1009.800,1009.700
MOS,13,1005.900,1009.800,1009.700
MOS,15,1009.700,1008.500,1007.400
MOS,14,1008.000,1007.700,1007.300
MOS,5,1008.000,1009.200,1009.700
MOS,17,1008.900,1009.100,1008.400
MOS,16,1009.500,1008.400,1007.800
MOS,1,1009.000,1010.400,1009.400
MOS,4,1006.800,1007.600,1006.800
MOS,9,1008.100,1009.100,1009.900
MOS,1,1009.900,1011.400,1010.100
MOS,21,1008.500,1009.500,1009.600
MOS,14,1010.900,1010.400,1009.400
MOS,16,1009.400,1008.933,1008.200
MOS,17,1009.400,1008.750,1008.200
MOS,18,1009.400,1008.300,1008.200
MOS,20,1005.200,1005.950,1008.100
MOS,21,1005.200,1005.900,1008.100
MOS,19,1005.800,1005.800,1006.700
MOS,13,1015.200,1014.800,1013.500
MOS,14,1015.000,1014.300,1013.100
MOS,17,1011.500,1010.900,1011.100
MOS,10,1015.000,1015.700,1016.600
MOS,18,1014.700,1015.150,1015.700
MOS,19,1014.700,1015.400,1015.700
MOS,18,1013.100,1012.900,1013.200
MOS,15,1016.500,1015.800,1015.000
MOS,17,1015.000,1014.767,1015.500
MOS,18,1015.000,1014.850,1015.500
MOS,19,1015.000,1015.200,1015.500
MOS,17,1015.900,1015.750,1015.300
MOS,18,1015.900,1015.400,1015.300
MOS,1,1013.000,1014.750,1014.800
MOS,4,1013.000,1014.100,1014.800
MOS,4,1010.100,1010.500,1010.800
MOS,18,1010.600,1010.000,1009.700
MOS,11,1013.800,1014.200,1014.400
MOS,21,1011.500,1012.300,1012.200
MOS,11,1013.400,1013.550,1013.800
MOS,12,1013.400,1013.600,1013.800
MOS,9,1010.900,1013.200,1013.800
MOS,10,1010.900,1013.600,1013.800
MOS,16,1014.000,1012.825,1012.200
MOS,17,1014.000,1012.600,1012.200
MOS,18,1014.000,1012.450,1012.200
MOS,19,1014.000,1012.400,1012.200
MOS,18,1011.500,1011.900,1012.300
MOS,19,1011.500,1012.100,1012.300
MOS,5,1014.300,1014.271,1012.700
MOS,9,1014.300,1014.583,1012.700
MOS,10,1014.300,1014.880,1012.700
MOS,11,1014.300,1015.075,1012.700
MOS,12,1014.300,1015.233,1012.700
MOS,13,1014.300,1014.950,1012.700
MOS,14,1014.300,1014.400,1012.700
MOS,11,1013.400,1013.750,1012.700
MOS,12,1013.400,1013.400,1012.700
MOS,19,1009.400,1009.700,1009.800
MOS,16,1014.800,1014.600,1013.400
MOS,17,1014.800,1014.400,1013.400
MOS,9,1011.500,1012.900,1013.600
MOS,21,1008.900,1009.300,1010.100
MOS,13,1013.500,1013.200,1012.700
MOS,19,1009.500,1009.900,1010.400
MOS,19,1009.800,1010.800,1011.700
MOS,20,1009.800,1010.800,1011.700
MOS,22,1011.700,1012.500,1012.400
MOS,9,1011.900,1015.060,1015.100
MOS,10,1011.900,1015.450,1015.100
MOS,11,1011.900,1015.867,1015.100
MOS,12,1011.900,1016.200,1015.100
MOS,13,1011.900,1016.100,1015.100
MOS,20,1011.200,1011.500,1011.800
MOS,1,1011.800,1014.300,1012.600
MOS,7,1012.600,1013.850,1015.200
MOS,9,1012.600,1014.500,1015.200
MOS,21,1011.600,1012.700,1013.500
MOS,18,1010.700,1010.700,1010.800
MOS,17,1012.000,1011.300,1010.900
MOS,17,1012.100,1011.600,1011.500
MOS,19,1011.500,1012.000,1012.400
MOS,18,1010.700,1010.900,1011.300
MOS,19,1010.700,1010.800,1011.300
MOS,18,1010.900,1011.000,1015.600
MOS,0,1014.200,1015.150,1014.700
MOS,1,1014.200,1015.300,1014.700
MOS,6,1012.600,1012.300,1012.500
MOS,17,1012.000,1011.700,1010.900
MOS,9,1012.600,1013.300,1014.100
MOS,11,1014.100,1015.000,1014.900
MOS,12,1014.100,1015.200,1014.900
MOS,19,1010.900,1010.900,1010.800
MOS,22,1012.100,1012.800,1013.200
MOS,11,1014.600,1015.750,1015.300
MOS,12,1014.600,1015.600,1015.300
MOS,3,1014.800,1014.100,1013.900
MOS,23,1012.700,1012.800,1013.400
MOS,14,1013.900,1013.300,1011.400
MOS,15,1013.900,1012.800,1011.400
MOS,23,1012.200,1013.300,1013.500
MOS,12,1013.100,1013.325,1012.400
MOS,13,1013.100,1013.233,1012.400
MOS,14,1013.100,1013.200,1012.400
MOS,15,1013.100,1012.800,1012.400
MOS,20,1010.100,1010.100,1010.400
MOS,7,1011.800,1011.700,1012.000
MOS,11,1012.200,1013.100,1013.400
MOS,13,1013.400,1013.300,1012.000
MOS,14,1013.400,1012.800,1012.000
MOS,9,1012.100,1012.400,1013.000
MOS,22,1012.900,1013.850,1014.500
MOS,23,1012.900,1013.700,1014.500
MOS,4,1013.000,1012.400,1011.800
MOS,7,1011.800,1011.800,1012.000
MOS,5,1011.600,1012.075,1012.900
MOS,6,1011.600,1012.133,1012.900
MOS,7,1011.600,1012.200,1012.900
MOS,8,1011.600,1012.300,1012.900
MOS,2,1015.000,1013.867,1012.400
MOS,3,1015.000,1013.350,1012.400
MOS,4,1015.000,1012.900,1012.400
MOS,23,1013.600,1014.780,1012.900
MOS,0,1013.600,1014.825,1012.900
MOS,1,1013.600,1014.700,1012.900
MOS,2,1013.600,1014.350,1012.900
MOS,3,1013.600,1013.900,1012.900
MOS,20,1010.700,1011.900,1013.000
MOS,21,1010.700,1012.100,1013.000
MOS,8,1011.000,1012.067,1012.900
MOS,9,1011.000,1012.250,1012.900
MOS,10,1011.000,1012.700,1012.900
MOS,3,1012.700,1012.100,1011.800
MOS,23,1011.800,1012.600,1012.600
MOS,3,1012.400,1011.112,1012.400
MOS,4,1012.400,1010.957,1012.400
MOS,5,1012.400,1010.883,1012.400
MOS,6,1012.400,1010.880,1012.400
MOS,7,1012.400,1011.025,1012.400
MOS,8,1012.400,1011.233,1012.400
MOS,9,1012.400,1011.600,1012.400
MOS,10,1012.400,1011.800,1012.400
MOS,12,1012.400,1012.900,1012.500
MOS,4,1012.400,1011.500,1011.300
MOS,4,1011.700,1011.000,1010.700
MOS,20,1011.500,1013.133,1012.300
MOS,21,1011.500,1013.300,1012.300
MOS,22,1011.500,1013.200,1012.300
MOS,3,1012.500,1012.300,1011.700
MOS,22,1011.000,1012.260,1011.200
MOS,23,1011.000,1012.525,1011.200
MOS,0,1011.000,1012.467,1011.200
MOS,1,1011.000,1012.400,1011.200
MOS,2,1011.000,1011.900,1011.200
MOS,23,1011.900,1011.900,1012.200
MOS,1,1012.700,1012.900,1012.400
MOS,14,1013.100,1012.500,1011.300
MOS,4,1011.700,1011.300,1010.600
MOS,14,1013.800,1012.600,1011.800
MOS,17,1010.600,1010.700,1010.000
MOS,22,1010.100,1011.000,1011.600
MOS,23,1010.100,1011.400,1011.600
MOS,0,1010.100,1011.600,1011.600
MOS,21,1010.100,1010.700,1011.300
MOS,23,1011.300,1013.500,1012.800
MOS,0,1011.300,1013.000,1012.800
MOS,0,1012.100,1012.200,1012.400
MOS,0,1012.400,1012.700,1012.700
MOS,8,1010.500,1010.700,1011.400
MOS,16,1011.200,1010.000,1009.100
MOS,19,1009.200,1009.100,1009.200
MOS,17,1009.300,1009.000,1008.200
MOS,19,1008.200,1008.900,1009.000
MOS,0,1011.900,1012.300,1012.500
MOS,22,1011.300,1011.800,1012.000
MOS,21,1011.400,1012.000,1012.700
MOS,2,1013.800,1013.250,1012.500
MOS,3,1013.800,1012.900,1012.500
MOS,17,1012.200,1012.200,1011.800
MOS,20,1012.400,1012.900,1013.600
MOS,19,1010.700,1010.700,1010.900
MOS,20,1011.500,1012.100,1012.600
MOS,20,1013.200,1013.600,1014.000
MOS,22,1014.000,1014.200,1015.300
MOS,18,1015.100,1014.800,1015.300
MOS,11,1007.800,1012.200,1011.900
MOS,18,1007.600,1007.300,1008.100
MOS,19,1007.600,1007.500,1008.100
MOS,0,1009.800,1010.637,1010.800
MOS,1,1009.800,1010.643,1010.800
MOS,2,1009.800,1010.617,1010.800
MOS,3,1009.800,1010.540,1010.800
MOS,4,1009.800,1010.525,1010.800
MOS,5,1009.800,1010.733,1010.800
MOS,6,1009.800,1010.750,1010.800
MOS,7,1009.800,1010.700,1010.800
MOS,15,1011.100,1010.400,1009.300
MOS,16,1010.000,1009.050,1008.300
MOS,17,1010.000,1008.800,1008.300
MOS,9,1010.300,1010.800,1011.500
MOS,11,1011.500,1011.900,1012.400
MOS,14,1012.600,1011.467,1010.500
MOS,15,1012.600,1011.250,1010.500
MOS,16,1012.600,1011.300,1010.500
MOS,18,1009.800,1009.300,1009.100
MOS,20,1009.100,1009.300,1009.700
MOS,16,1010.100,1008.320,1008.800
MOS,17,1010.100,1008.125,1008.800
MOS,18,1010.100,1008.133,1008.800
MOS,19,1010.100,1008.100,1008.800
MOS,20,1010.100,1008.300,1008.800
MOS,18,1007.900,1007.200,1007.200
MOS,9,1010.900,1011.200,1012.100
MOS,6,1010.700,1011.000,1011.600
MOS,8,1011.600,1012.200,1012.300
MOS,10,1012.300,1012.700,1012.300
MOS,10,1011.500,1012.100,1012.500
MOS,23,1010.400,1011.300,1011.700
MOS,3,1011.800,1011.200,1010.600
MOS,17,1010.200,1009.900,1008.800
MOS,1,1011.200,1011.350,1010.300
MOS,2,1011.200,1011.000,1010.300
MOS,5,1009.800,1009.400,1009.900
MOS,6,1009.800,1009.400,1009.900
MOS,7,1009.800,1009.400,1009.900
MOS,2,1010.800,1010.450,1009.100
MOS,3,1010.800,1009.900,1009.100
MOS,19,1006.500,1007.800,1009.500
MOS,20,1006.500,1007.950,1009.500
MOS,21,1006.500,1008.133,1009.500
MOS,22,1006.500,1008.550,1009.500
MOS,23,1006.500,1008.900,1009.500
MOS,11,1010.200,1010.400,1009.800
MOS,20,1007.400,1007.700,1008.300
MOS,21,1007.400,1007.800,1008.300
MOS,21,1009.400,1009.750,1011.300
MOS,22,1009.400,1010.600,1011.300
MOS,22,1009.800,1011.450,1012.000
MOS,23,1009.800,1011.700,1012.000
MOS,6,1011.000,1011.000,1011.000
MOS,8,1011.000,1011.400,1011.600
MOS,1,1012.300,1011.975,1010.600
MOS,2,1012.300,1011.700,1010.600
MOS,3,1012.300,1011.450,1010.600
MOS,4,1012.300,1011.200,1010.600
MOS,4,1012.700,1012.433,1013.500
MOS,5,1012.700,1012.462,1013.500
MOS,6,1012.700,1012.586,1013.500
MOS,7,1012.700,1012.850,1013.500
MOS,8,1012.700,1013.200,1013.500
MOS,9,1012.700,1013.500,1013.500
MOS,10,1012.700,1013.800,1013.500
MOS,11,1012.700,1013.950,1013.500
MOS,12,1012.700,1014.000,1013.500
MOS,7,1010.900,1011.057,1011.100
MOS,8,1010.900,1011.017,1011.100
MOS,9,1010.900,1011.140,1011.100
MOS,10,1010.900,1011.400,1011.100
MOS,11,1010.900,1011.667,1011.100
MOS,12,1010.900,1011.800,1011.100
MOS,13,1010.900,1011.900,1011.100
MOS,8,1008.500,1008.900,1010.000
MOS,15,1010.900,1009.633,1008.400
MOS,16,1010.900,1009.300,1008.400
MOS,17,1010.900,1008.900,1008.400
MOS,21,1008.300,1009.000,1009.500
MOS,15,1010.500,1008.900,1008.000
MOS,16,1010.500,1008.350,1008.000
MOS,17,1010.500,1008.000,1008.000
MOS,5,1010.400,1010.557,1013.100
MOS,6,1010.400,1010.667,1013.100
MOS,7,1010.400,1010.820,1013.100
MOS,8,1010.400,1011.025,1013.100
MOS,9,1010.400,1011.333,1013.100
MOS,10,1010.400,1011.600,1013.100
MOS,11,1010.400,1012.000,1013.100
MOS,14,1013.300,1012.800,1011.600
MOS,10,1009.500,1010.450,1011.300
MOS,11,1009.500,1010.800,1011.300
MOS,5,1010.000,1009.400,1009.400
MOS,6,1010.000,1009.300,1009.400
MOS,2,1010.800,1010.700,1010.100
MOS,5,1009.300,1009.100,1009.700
MOS,6,1009.300,1009.050,1009.700
MOS,7,1009.300,1009.200,1009.700
MOS,18,1008.500,1008.050,1008.300
MOS,19,1008.500,1007.800,1008.300
MOS,1,1011.600,1011.300,1010.900
MOS,11,1011.000,1011.300,1011.400
MOS,23,1008.400,1009.000,1009.600
MOS,1,1009.600,1010.200,1010.200
MOS,20,1007.900,1008.700,1009.500
MOS,1,1011.000,1011.400,1010.400
MOS,2,1011.000,1011.300,1010.400
MOS,18,1006.200,1005.900,1005.800
APO,19,994.000,994.100,994.700
APO,18,995.500,994.800,994.900
APO,19,995.500,994.600,994.900
APO,19,995.600,996.100,1005.100
APO,1,995.800,1000.700,997.000
APO,18,996.900,998.000,996.900
APO,19,996.900,997.300,996.900
APO,19,993.800,995.800,996.000
APO,19,996.200,996.600,996.500
APO,21,995.000,996.600,997.700
APO,19,997.500,997.400,997.800
APO,20,997.900,999.300,999.600
APO,9,996.000,994.900,996.900
APO,18,995.000,996.100,996.600
APO,17,996.900,996.400,996.100
APO,20,997.900,998.200,997.600
APO,19,994.100,994.200,994.900
APO,20,994.200,996.200,996.700
APO,20,998.700,998.900,999.400
APO,21,996.900,998.000,997.900
APO,15,1000.800,999.800,998.700
APO,19,993.900,996.300,997.000
APO,21,994.300,995.700,997.600
APO,22,993.300,995.100,997.000
APO,23,993.300,995.100,997.000
APO,19,993.300,994.700,995.200
APO,19,995.800,996.400,996.300
APO,20,993.500,995.200,1004.600
APO,15,997.100,996.600,995.100
APO,19,994.500,994.300,994.100
APO,18,993.800,994.500,1003.800
APO,17,1002.600,996.000,1005.000
APO,19,996.500,996.700,996.500
APO,19,994.700,995.700,1005.200
APO,18,994.900,994.800,995.000
APO,23,997.000,999.400,999.900
APO,20,993.500,994.400,995.300
APO,16,995.700,994.600,993.900
APO,20,997.600,998.100,998.800
APO,14,1001.900,1001.500,1000.500
APO,16,1000.500,999.150,1000.000
APO,17,1000.500,998.900,1000.000
APO,19,1000.000,1000.100,1008.800
APO,16,1004.400,1001.300,1002.500
APO,20,996.500,997.200,997.900
APO,20,993.200,993.700,994.600
APO,21,998.100,999.300,999.000
APO,17,996.400,995.700,995.000
APO,21,997.100,997.600,998.300
APO,16,1002.200,994.200,993.700
APO,18,993.700,994.700,1002.500
APO,20,992.700,994.200,997.500
APO,21,994.800,995.300,996.100
APO,16,1000.700,992.800,997.100
APO,18,997.100,987.700,1003.000
APO,22,993.300,995.400,997.600
APO,22,996.800,998.200,1005.300
APO,19,999.400,995.850,1003.900
APO,20,999.400,996.600,1003.900
APO,20,994.400,995.300,996.100
APO,22,996.900,998.700,998.300
APO,18,996.500,996.400,999.500
APO,19,996.500,996.600,999.500
APO,16,997.500,996.300,995.700
APO,20,995.400,996.400,998.600
APO,21,995.400,997.100,998.600
APO,17,998.900,999.500,999.500
APO,18,998.900,999.600,999.500
APO,19,994.200,994.200,994.500
APO,21,993.700,994.800,995.900
APO,21,993.200,993.900,994.500
APO,23,992.700,996.200,994.700
APO,17,998.400,998.267,998.200
APO,18,998.400,998.800,998.200
APO,19,998.400,998.100,998.200
APO,0,998.600,999.600,998.800
APO,3,998.800,998.100,997.600
APO,0,997.900,998.700,998.600
APO,1,997.900,998.600,998.600
APO,3,998.600,998.200,997.900
APO,1,998.800,998.567,997.800
APO,2,998.800,998.300,997.800
APO,3,998.800,997.800,997.800
APO,6,998.500,998.300,998.300
APO,22,999.600,998.700,999.000
APO,5,996.800,996.500,996.100
APO,19,995.300,994.300,994.800
APO,22,995.100,996.200,997.100
APO,23,995.100,996.400,997.100
APO,13,997.100,999.600,998.700
APO,17,996.500,996.000,995.800
APO,19,995.800,996.200,997.300
APO,20,995.800,996.800,997.300
APO,17,996.100,995.100,994.600
APO,19,994.600,995.300,995.900
APO,21,996.000,995.900,998.600
APO,16,998.100,996.400,998.300
APO,15,997.200,996.400,994.900
APO,15,999.900,997.700,996.900
APO,7,996.800,997.100,997.800
APO,20,994.600,997.600,997.900
APO,22,998.000,999.767,1000.000
APO,23,998.000,1000.050,1000.000
APO,1,998.000,1000.200,1000.000
APO,21,997.000,997.100,997.800
APO,0,998.100,999.000,998.700
APO,8,997.700,998.400,999.300
APO,17,998.300,997.500,996.600
APO,21,996.600,998.100,998.600
APO,23,996.900,997.700,998.300
APO,22,998.200,999.050,998.900
APO,23,998.200,998.900,998.900
APO,17,996.500,995.800,995.200
APO,22,996.500,997.900,998.300
APO,23,996.500,998.000,998.300
APO,0,996.500,998.000,998.300
APO,17,995.900,995.100,996.900
APO,19,996.900,995.800,996.300
APO,22,996.600,997.300,999.100
APO,23,998.700,998.650,998.200
APO,0,998.700,998.800,998.200
APO,1,998.700,998.750,998.200
APO,2,998.700,998.800,998.200
APO,22,996.600,997.600,999.800
APO,19,996.200,997.100,995.600
APO,20,995.700,996.700,997.400
APO,19,995.200,996.100,995.500
APO,20,994.800,995.700,995.900
APO,1,998.200,998.800,999.400
APO,22,995.000,997.100,996.900
APO,19,996.000,997.000,997.100
APO,20,999.300,1000.567,1001.500
APO,21,999.300,1000.800,1001.500
APO,22,999.300,1001.000,1001.500
APO,21,998.300,999.200,1001.400
APO,3,1001.700,1001.200,1002.200
APO,7,1000.600,1001.650,1002.200
APO,12,1000.600,1002.500,1002.200
APO,21,996.600,998.250,998.700
APO,22,996.600,998.200,998.700
APO,18,992.900,993.300,993.500
APO,1,997.600,997.583,998.000
APO,2,997.600,997.520,998.000
APO,3,997.600,997.400,998.000
APO,4,997.600,997.367,998.000
APO,5,997.600,997.450,998.000
APO,6,997.600,997.500,998.000
APO,8,998.000,997.800,998.000
APO,18,995.500,995.500,995.900
APO,9,997.500,997.700,998.700
APO,18,996.200,996.400,995.700
APO,19,996.200,995.700,995.700
APO,18,995.600,995.550,995.700
APO,19,995.600,995.600,995.700
APO,0,999.500,1000.300,999.900
APO,20,996.700,999.150,1000.100
APO,21,996.700,999.567,1000.100
APO,22,996.700,999.800,1000.100
APO,23,996.700,999.900,1000.100
APO,19,995.200,996.000,997.500
APO,23,998.000,999.000,999.500
APO,5,998.900,997.900,998.100
APO,17,996.400,996.300,995.800
APO,21,995.300,997.300,999.200
APO,22,995.300,997.800,999.200
APO,19,996.400,996.650,997.400
APO,20,996.400,996.600,997.400
APO,22,994.700,995.700,996.300
APO,18,993.000,993.000,993.600
APO,20,993.600,995.350,995.400
APO,21,993.600,995.600,995.400
APO,23,995.900,997.100,997.900
APO,1,999.000,999.133,997.500
APO,2,999.000,999.050,997.500
APO,3,999.000,998.800,997.500
APO,6,997.200,997.200,997.300
APO,2,999.500,999.750,998.700
APO,3,999.500,999.400,998.700
APO,5,997.600,997.300,997.100
APO,15,999.100,997.700,996.600
APO,18,995.800,997.200,997.900
APO,19,995.800,997.600,997.900
APO,18,996.500,996.650,996.800
APO,19,996.500,996.700,996.800
APO,21,994.400,995.700,996.400
APO,8,995.500,996.450,997.500
APO,9,995.500,996.700,997.500
APO,18,996.100,995.700,995.100
APO,13,999.400,999.500,999.200
APO,0,997.400,997.800,997.700
APO,15,998.200,997.700,996.200
APO,22,997.400,998.300,998.700
APO,21,994.400,996.200,997.100
APO,22,994.400,996.600,997.100
APO,3,997.500,997.400,996.400
APO,7,996.400,996.850,997.600
APO,8,996.400,997.200,997.600
APO,11,998.500,999.100,998.900
APO,0,997.600,998.300,998.300
APO,22,994.900,995.600,995.800
APO,2,996.800,996.950,996.200
APO,3,996.800,996.700,996.200
APO,21,995.700,996.600,997.000
APO,22,995.700,996.700,997.000
APO,20,995.000,996.400,997.100
APO,19,993.800,994.600,996.600
APO,18,998.100,994.400,994.700
APO,21,995.500,997.200,998.900
APO,22,995.500,997.200,998.900
APO,0,998.900,999.300,999.000
APO,20,993.900,994.200,994.800
APO,1,997.100,997.500,997.100
APO,19,996.500,998.000,1000.200
APO,1,996.000,1000.250,998.400
APO,2,996.000,1000.000,998.400
APO,4,997.900,997.300,996.800
APO,21,996.000,998.186,998.200
APO,23,996.000,998.400,998.200
APO,4,996.000,998.340,998.200
APO,5,996.000,998.350,998.200
APO,6,996.000,998.367,998.200
APO,7,996.000,998.400,998.200
APO,8,996.000,998.500,998.200
APO,17,996.100,995.400,994.700
APO,22,997.500,997.700,998.100
APO,4,997.600,997.500,997.300
APO,23,994.800,997.600,998.100
APO,23,997.500,1000.100,1000.000
APO,23,996.600,1000.400,1000.800
APO,19,995.200,996.400,996.100
APO,23,997.500,998.800,998.500
APO,0,997.500,998.800,998.500
APO,17,998.500,998.200,998.900
APO,21,998.100,999.400,999.200
APO,3,999.800,999.550,998.500
APO,4,999.800,999.000,998.500
APO,1,1000.400,1001.200,1000.600
APO,21,999.900,1000.200,1001.100
APO,9,998.200,999.233,999.900
APO,10,998.200,999.500,999.900
APO,11,998.200,999.800,999.900
APO,0,998.500,1000.300,1000.100
APO,1,998.500,1000.150,1000.100
APO,2,998.500,1000.000,1000.100
APO,22,1000.400,1001.050,1001.400
APO,23,1000.400,1001.200,1001.400
APO,2,1000.400,1000.400,999.800
APO,2,1000.300,1000.500,1000.100
APO,15,997.500,997.300,997.000
APO,17,997.000,996.300,996.000
APO,19,992.700,994.500,998.600
APO,20,992.700,994.900,998.600
APO,21,992.700,995.300,998.600
CAL,18,1007.800,1007.900,1011.500
CAL,16,1011.500,1010.750,1009.700
CAL,17,1011.500,1010.300,1009.700
CAL,15,1011.500,1011.100,1010.900
CAL,16,1011.100,1010.600,1009.800
CAL,11,1012.200,1013.050,1013.200
CAL,12,1012.200,1013.500,1013.200
CAL,16,1012.200,1011.600,1010.900
CAL,21,1011.600,1011.800,1012.100
CAL,23,1012.100,1012.800,1013.500
CAL,1,1012.900,1012.900,1012.200
CAL,9,1008.600,1009.500,1009.900
CAL,4,1009.300,1008.800,1008.400
CAL,5,1009.300,1008.500,1008.400
CAL,9,1008.900,1009.500,1010.300
CAL,7,1009.800,1009.800,1010.000
CAL,22,1010.400,1011.625,1011.700
CAL,23,1010.400,1011.833,1011.700
CAL,0,1010.400,1012.100,1011.700
CAL,1,1010.400,1012.200,1011.700
CAL,11,1012.400,1013.350,1013.400
CAL,12,1012.400,1013.500,1013.400
CAL,5,1010.600,1010.200,1010.000
CAL,0,1010.600,1011.400,1011.700
CAL,7,1010.000,1011.760,1013.100
CAL,8,1010.000,1012.025,1013.100
CAL,9,1010.000,1012.333,1013.100
CAL,10,1010.000,1012.750,1013.100
CAL,11,1010.000,1013.100,1013.100
CAL,1,1012.500,1012.600,1012.500
CAL,3,1012.500,1011.575,1011.100
CAL,4,1012.500,1011.400,1011.100
CAL,5,1012.500,1011.200,1011.100
CAL,6,1012.500,1011.100,1011.100
CAL,8,1011.100,1011.450,1012.700
CAL,9,1011.100,1011.800,1012.700
CAL,11,1012.700,1013.700,1013.500
CAL,12,1012.700,1014.000,1013.500
CAL,23,1011.900,1012.400,1012.800
CAL,1,1012.800,1012.800,1012.800
CAL,7,1012.500,1012.300,1012.600
CAL,3,1012.600,1012.100,1011.300
CAL,12,1012.200,1012.300,1012.200
CAL,21,1010.100,1010.700,1010.700
CAL,3,1011.300,1011.000,1010.300
CAL,18,1010.700,1010.500,1010.600
CAL,22,1011.000,1011.900,1012.400
CAL,2,1012.800,1012.800,1012.300
CAL,4,1012.300,1011.800,1011.200
CAL,17,1011.200,1010.500,1010.000
CAL,21,1010.700,1011.300,1011.700
CAL,22,1013.100,1014.875,1015.100
CAL,23,1013.100,1015.133,1015.100
CAL,0,1013.100,1015.300,1015.100
CAL,1,1013.100,1015.100,1015.100
CAL,7,1012.900,1013.900,1015.100
CAL,8,1012.900,1014.133,1015.100
CAL,9,1012.900,1014.500,1015.100
CAL,10,1012.900,1015.000,1015.100
CAL,14,1015.700,1015.400,1014.500
CAL,18,1013.100,1012.300,1012.700
CAL,4,1014.800,1014.100,1013.600
CAL,8,1013.600,1013.400,1013.500
CAL,12,1017.000,1017.000,1016.900
CAL,3,1014.400,1014.000,1012.900
CAL,22,1011.800,1012.600,1013.200
CAL,0,1014.300,1014.700,1014.900
CAL,8,1012.300,1012.500,1012.800
CAL,13,1014.400,1014.200,1012.700
CAL,14,1014.400,1013.800,1012.700
CAL,6,1012.500,1012.300,1012.100
CAL,10,1013.400,1013.700,1014.900
CAL,18,1012.300,1011.800,1011.800
CAL,14,1014.800,1014.700,1013.600
CAL,0,1013.600,1014.000,1014.400
CAL,8,1013.200,1013.500,1013.900
CAL,19,1013.900,1013.900,1014.300
CAL,21,1014.300,1015.200,1016.000
CAL,22,1014.300,1015.500,1016.000
CAL,2,1016.500,1015.222,1015.600
CAL,3,1016.500,1015.050,1015.600
CAL,4,1016.500,1014.957,1015.600
CAL,5,1016.500,1014.900,1015.600
CAL,6,1016.500,1014.920,1015.600
CAL,7,1016.500,1015.000,1015.600
CAL,8,1016.500,1015.200,1015.600
CAL,9,1016.500,1015.300,1015.600
CAL,10,1016.500,1015.500,1015.600
CAL,13,1016.100,1015.700,1015.000
CAL,10,1010.600,1012.000,1012.700
CAL,11,1010.600,1012.300,1012.700
CAL,3,1012.000,1011.100,1010.700
CAL,15,1009.600,1008.900,1008.500
CAL,20,1007.800,1008.550,1009.400
CAL,21,1007.800,1008.800,1009.400
CAL,8,1007.700,1008.400,1008.900
CAL,10,1008.900,1009.500,1009.700
CAL,0,1011.200,1011.900,1011.800
CAL,4,1010.400,1009.600,1009.200
CAL,15,1010.500,1010.600,1009.400
CAL,4,1009.900,1009.300,1008.900
CAL,5,1009.900,1009.200,1008.900
CAL,9,1009.400,1009.800,1010.600
CAL,14,1011.700,1010.800,1010.000
CAL,19,1008.800,1009.300,1009.700
CAL,10,1009.600,1010.300,1010.900
CAL,12,1011.700,1012.400,1012.400
CAL,8,1008.800,1009.100,1009.600
CAL,11,1010.300,1011.667,1011.300
CAL,12,1010.300,1011.800,1011.300
CAL,13,1010.300,1011.700,1011.300
CAL,5,1010.900,1010.520,1011.000
CAL,6,1010.900,1010.425,1011.000
CAL,7,1010.900,1010.333,1011.000
CAL,8,1010.900,1010.450,1011.000
CAL,9,1010.900,1010.700,1011.000
CAL,23,1010.500,1011.000,1011.400
CAL,9,1010.500,1011.400,1011.800
CAL,7,1007.300,1007.400,1007.600
CAL,12,1009.800,1009.900,1010.000
CAL,11,1010.200,1010.600,1011.000
CAL,7,1008.800,1008.950,1009.900
CAL,8,1008.800,1009.100,1009.900
CAL,7,1009.300,1009.400,1010.800
CAL,8,1009.300,1009.650,1010.800
CAL,9,1009.300,1010.100,1010.800
CAL,0,1011.000,1011.500,1011.600
CAL,11,1010.600,1011.000,1011.000
CAL,13,1011.000,1011.200,1010.600
CAL,13,1010.700,1011.100,1010.100
CAL,20,1008.000,1008.500,1008.800
CAL,16,1009.800,1008.650,1007.600
CAL,17,1009.800,1008.200,1007.600
CAL,2,1012.000,1011.175,1010.100
CAL,3,1012.000,1010.833,1010.100
CAL,4,1012.000,1010.600,1010.100
CAL,5,1012.000,1010.300,1010.100
CAL,8,1010.400,1011.450,1012.200
CAL,9,1010.400,1011.500,1012.200
CAL,17,1010.400,1010.400,1010.000
CAL,2,1011.000,1011.000,1010.200
CAL,22,1010.300,1010.900,1011.500
CAL,1,1011.700,1011.167,1010.100
CAL,2,1011.700,1010.950,1010.100
CAL,3,1011.700,1010.700,1010.100
CAL,20,1008.400,1009.100,1009.400
CAL,23,1010.100,1010.800,1011.100
CAL,5,1010.100,1009.500,1011.400
CAL,11,1010.900,1012.600,1013.000
CAL,3,1012.600,1012.300,1011.800
CAL,22,1008.700,1009.400,1009.600
CAL,23,1008.700,1009.500,1009.600
CAL,1,1011.500,1011.400,1011.200
CAL,4,1011.100,1010.100,1008.200
CAL,2,1010.700,1010.600,1009.600
SAN,18,984.400,984.100,984.100
SAN,21,984.800,986.100,988.300
SAN,21,984.800,985.700,987.500
SAN,19,984.700,985.000,985.900
SAN,11,987.300,988.500,987.800
SAN,12,987.300,988.500,987.800
SAN,9,984.900,986.200,986.800
SAN,13,987.200,987.600,987.100
SAN,15,985.600,985.380,986.200
SAN,16,985.600,985.350,986.200
SAN,18,985.600,985.500,986.200
SAN,19,985.600,985.600,986.200
SAN,20,985.600,985.800,986.200
SAN,14,986.900,986.900,986.100
SAN,13,988.000,987.800,987.600
SAN,15,987.600,986.900,986.200
SAN,19,985.300,986.000,986.400
SAN,21,986.400,987.100,988.000
SAN,11,988.700,989.300,989.700
SAN,17,988.000,987.200,986.500
SAN,19,986.500,987.033,988.400
SAN,20,986.500,987.200,988.400
SAN,21,986.500,987.700,988.400
SAN,15,988.800,988.600,988.100
SAN,15,987.500,987.000,986.400
SAN,17,986.400,986.700,986.600
SAN,20,984.300,985.050,986.600
SAN,21,984.300,985.200,986.600
SAN,16,987.800,987.150,986.300
SAN,17,987.800,987.000,986.300
SAN,15,987.100,987.333,986.200
SAN,16,987.100,987.100,986.200
SAN,17,987.100,986.700,986.200
SAN,18,985.600,984.900,985.400
SAN,20,982.600,983.800,986.100
SAN,21,982.600,984.200,986.100
SAN,17,985.900,985.900,985.800
SAN,13,989.400,987.900,986.000
SAN,14,989.400,987.250,986.000
SAN,15,989.400,986.700,986.000
SAN,10,987.700,988.900,989.700
SAN,14,989.500,989.600,988.700
SAN,10,988.100,989.900,989.900
SAN,11,988.100,990.200,989.900
SAN,12,988.100,990.400,989.900
SAN,18,986.900,987.000,987.700
SAN,19,986.900,987.100,987.700
SAN,17,987.300,986.600,986.300
SAN,14,992.400,991.550,989.900
SAN,15,992.400,991.000,989.900
SAN,13,988.600,988.600,987.600
SAN,17,986.500,986.000,986.100
SAN,13,988.900,989.000,988.100
SAN,15,988.600,988.400,987.600
SAN,19,989.200,990.100,990.700
SAN,20,989.200,990.400,990.700
SAN,10,985.600,986.200,986.500
SAN,15,984.800,984.100,983.100
SAN,15,987.000,987.167,985.800
SAN,16,987.000,986.750,985.800
SAN,17,987.000,986.500,985.800
SAN,19,985.800,985.700,986.000
SAN,21,986.000,986.500,988.400
SAN,18,987.000,986.450,986.000
SAN,19,987.000,986.100,986.000
SAN,16,988.700,988.100,987.400
SAN,19,982.200,982.900,983.700
SAN,16,986.400,985.400,985.000
SAN,18,983.000,983.000,982.800
SAN,10,985.200,986.100,986.800
SAN,18,984.200,984.000,983.900
SAN,16,985.200,984.200,983.300
SAN,14,987.000,987.600,986.500
SAN,15,987.500,986.700,985.500
SAN,17,985.500,985.250,985.300
SAN,18,985.500,985.000,985.300
SAN,16,984.200,984.300,984.000
SAN,11,987.500,988.450,987.700
SAN,12,987.500,988.500,987.700
SAN,15,987.500,986.533,984.900
SAN,16,987.500,986.450,984.900
SAN,17,987.500,985.600,984.900
SAN,16,986.100,985.700,984.800
SAN,18,984.800,984.800,985.500
SAN,9,985.700,989.067,988.200
SAN,10,985.700,989.360,988.200
SAN,11,985.700,989.550,988.200
SAN,12,985.700,989.667,988.200
SAN,13,985.700,989.600,988.200
SAN,14,985.700,989.500,988.200
SAN,22,985.800,987.600,988.400
SAN,16,989.800,989.100,988.300
SAN,16,989.100,988.900,988.000
SAN,11,990.200,991.000,990.800
SAN,12,990.200,991.200,990.800
SAN,12,991.100,991.600,991.300
SAN,10,989.300,991.300,991.800
SAN,16,991.100,990.733,990.500
SAN,17,991.100,990.550,990.500
SAN,18,991.100,990.500,990.500
SAN,9,991.700,990.800,991.400
SAN,11,991.400,992.550,991.600
SAN,12,991.400,992.700,991.600
SAN,13,991.400,992.700,991.600
SAN,14,991.400,992.500,991.600
SAN,16,991.600,990.700,989.900
SAN,18,985.300,984.800,985.200
SAN,19,985.300,985.000,985.200
SAN,15,986.000,985.150,984.400
SAN,16,986.000,984.800,984.400
SAN,20,983.900,984.900,986.200
SAN,21,983.900,985.100,986.200
SAN,13,987.500,987.800,987.000
SAN,14,987.500,987.950,987.000
SAN,15,987.500,987.800,987.000
SAN,18,985.800,985.700,985.700
SAN,19,985.800,985.700,985.700
SAN,21,985.700,986.000,987.200
SAN,17,985.400,985.450,985.600
SAN,18,985.400,985.500,985.600
SAN,20,985.600,985.900,986.600
SAN,20,982.700,985.100,986.300
SAN,21,982.700,985.900,986.300
SAN,2,982.700,986.600,986.300
SAN,15,986.600,985.350,984.200
SAN,16,986.600,984.800,984.200
SAN,19,987.900,987.900,988.700
SAN,18,984.100,984.000,983.900
SAN,20,983.700,984.100,984.900
SAN,14,986.300,985.400,983.900
SAN,15,986.300,985.100,983.900
SAN,17,983.900,983.567,983.600
SAN,18,983.900,983.500,983.600
SAN,19,983.900,983.600,983.600
SAN,16,984.700,984.200,983.800
SAN,18,983.400,983.650,984.100
SAN,19,983.400,983.600,984.100
SAN,21,984.100,984.800,985.800
SAN,15,986.200,985.500,984.400
SAN,9,985.300,987.400,988.400
SAN,15,988.600,987.233,986.700
SAN,16,988.600,986.950,986.700
SAN,17,988.600,986.900,986.700
SAN,21,986.500,987.550,989.300
SAN,22,986.500,988.000,989.300
SAN,20,985.800,986.500,987.000
SAN,19,984.700,985.900,987.600
SAN,20,984.700,986.100,987.600
SAN,21,984.700,986.300,987.600
SAN,11,988.900,989.867,989.300
SAN,12,988.900,990.050,989.300
SAN,13,988.900,990.300,989.300
SAN,16,988.800,988.200,988.000
SAN,15,986.500,985.600,984.700
SAN,19,984.900,986.550,987.100
SAN,20,984.900,986.900,987.100
SAN,18,985.400,985.300,985.600
SAN,19,985.900,986.900,986.900
SAN,13,988.300,988.400,987.600
SAN,18,985.800,986.200,986.300
SAN,16,988.400,988.600,987.900
SAN,21,989.500,990.300,991.100
SAN,11,992.500,993.200,993.300
SAN,10,989.100,989.500,990.100
SAN,17,987.600,988.300,988.000
SAN,21,988.400,988.500,989.300
SAN,14,992.800,991.850,990.600
SAN,15,992.800,991.400,990.600
SAN,13,991.600,991.800,991.200
SAN,20,985.300,986.850,987.700
SAN,21,985.300,987.200,987.700
SAN,18,984.700,984.500,985.000
SAN,19,984.700,984.600,985.000
SAN,17,986.700,986.500,986.100
SAN,15,986.400,985.500,984.200
SAN,19,983.800,983.900,984.300
SAN,7,985.200,985.200,985.600
SAN,18,984.100,983.800,983.300
SAN,19,983.900,985.050,985.700
SAN,20,983.900,985.400,985.700
SAN,13,988.500,987.900,987.900
SAN,17,984.600,985.500,984.500
SAN,20,985.400,985.300,986.100
SAN,16,985.400,984.500,983.800
SAN,17,985.400,983.800,983.800
SAN,9,987.300,988.300,989.100
SAN,10,987.300,988.600,989.100
SAN,19,985.600,985.400,986.500
SAN,15,986.400,986.600,985.200
SAN,19,984.700,985.300,985.900
SAN,17,985.900,985.300,985.100
SAN,10,986.700,986.800,986.700
SAN,18,984.300,983.400,983.700
SAN,16,984.600,983.900,982.800
SAN,17,983.000,982.800,983.900
SAN,18,983.000,983.200,983.900
SAN,15,987.600,986.200,985.000
SAN,16,987.600,986.050,985.000
SAN,17,987.600,985.800,985.000
SAN,19,983.700,984.400,985.400
SAN,20,984.900,986.950,987.700
SAN,21,984.900,987.300,987.700
SAN,1,989.300,989.450,987.800
SAN,2,989.300,989.200,987.800
SAN,18,984.500,984.600,984.800
SAN,13,989.100,988.550,987.000
SAN,14,989.100,988.000,987.000
SAN,1,988.500,988.800,987.400
SAN,18,983.500,983.600,984.000
SAN,20,984.000,984.900,985.100
SAN,20,983.100,983.600,984.200
SAN,17,985.300,985.200,984.500
SAN,17,985.500,985.600,986.300
SAN,18,985.500,985.600,986.300
SAN,17,986.100,985.300,985.000
SAN,5,986.100,985.600,985.200
SAN,20,984.600,986.825,988.400
SAN,21,984.600,987.267,988.400
SAN,22,984.600,987.650,988.400
SAN,23,984.600,987.900,988.400
SAN,1,988.400,988.267,987.000
SAN,2,988.400,988.150,987.000
SAN,3,988.400,987.800,987.000
SAN,17,986.300,986.850,986.900
SAN,18,986.300,986.800,986.900
SAN,15,987.400,986.600,985.400
SAN,18,984.600,984.500,984.700
SAN,13,988.500,988.000,987.500
SAN,17,986.600,986.100,985.700
SAN,20,984.300,984.900,985.300
SAN,9,988.400,989.350,990.400
SAN,10,988.400,989.800,990.400
SAN,15,989.700,989.300,988.600
SAN,8,989.300,989.800,990.100
SAN,13,991.000,990.700,990.000
SAN,9,988.100,988.200,988.900
SAN,11,988.900,989.650,989.600
SAN,12,988.900,989.900,989.600
SAN,13,989.300,989.150,987.800
SAN,14,989.300,989.000,987.800
SAN,21,985.000,986.150,987.100
SAN,22,985.000,986.400,987.100
SAN,14,988.600,988.050,987.000
SAN,15,988.600,987.900,987.000
SAN,18,986.700,986.500,986.800
SAN,19,986.700,986.500,986.800
SAN,22,987.900,988.200,988.900
SAN,13,991.500,992.000,991.400
SAN,22,989.100,989.400,989.800
SAN,1,990.000,990.350,990.200
SAN,2,990.000,990.300,990.200
SAN,4,990.200,989.550,989.200
SAN,5,990.200,989.300,989.200
SAN,7,989.200,989.500,989.700
SAN,10,990.200,990.850,991.000
SAN,11,990.200,991.100,991.000
SAN,22,989.300,989.600,990.100
SAN,7,989.000,989.650,990.500
SAN,8,989.000,990.000,990.500
SAN,18,989.200,989.000,989.100
SAN,17,989.100,989.200,988.800
SAN,12,988.600,988.700,988.300
SAN,7,986.400,986.700,987.200
IPA,20,1009.200,1010.000,1009.700
IPA,14,1010.300,1010.400,1009.300
IPA,16,1009.600,1008.200,1007.700
IPA,18,1007.700,1010.100,1010.000
IPA,19,1007.700,1010.233,1010.000
IPA,20,1007.700,1010.350,1010.000
IPA,21,1007.700,1010.600,1010.000
IPA,18,1007.300,1007.700,1008.800
IPA,18,1006.900,1008.250,1008.300
IPA,19,1006.900,1008.000,1008.300
IPA,10,1009.400,1010.200,1010.800
IPA,12,1010.800,1010.940,1009.300
IPA,13,1010.800,1010.900,1009.300
IPA,14,1010.800,1010.767,1009.300
IPA,15,1010.800,1010.600,1009.300
IPA,16,1010.800,1010.300,1009.300
IPA,16,1010.300,1010.600,1009.800
IPA,20,1010.200,1010.550,1010.800
IPA,21,1010.200,1010.600,1010.800
IPA,13,1011.800,1011.500,1009.800
IPA,14,1011.800,1010.900,1009.800
IPA,17,1007.200,1006.200,1005.900
IPA,19,1005.500,1005.400,1005.800
IPA,21,1009.100,1009.100,1009.200
IPA,19,1008.300,1008.400,1009.400
IPA,18,1006.800,1007.000,1006.800
IPA,19,1005.300,1005.850,1005.900
IPA,20,1005.300,1005.600,1005.900
IPA,18,1005.100,1006.000,1006.800
IPA,19,1005.100,1006.200,1006.800
IPA,16,1007.200,1007.000,1006.500
IPA,17,1007.200,1006.600,1006.500
IPA,20,1006.800,1007.100,1007.400
IPA,13,1009.800,1010.000,1008.500
IPA,14,1009.800,1010.000,1008.500
IPA,19,1006.400,1007.000,1007.000
IPA,21,1008.000,1009.200,1009.500
IPA,20,1006.200,1007.100,1008.100
IPA,19,1008.300,1008.800,1008.900
IPA,21,1008.900,1009.200,1011.500
IPA,20,1007.900,1009.900,1009.100
IPA,21,1007.900,1010.900,1009.100
IPA,20,1008.200,1009.600,1010.100
IPA,18,1008.100,1009.000,1010.700
IPA,19,1008.100,1009.700,1010.700
IPA,19,1008.200,1009.700,1010.200
IPA,20,1008.200,1009.900,1010.200
IPA,20,1008.300,1009.000,1009.000
IPA,20,1007.700,1008.500,1008.700
IPA,16,1009.400,1008.900,1009.100
IPA,17,1009.400,1009.000,1009.100
IPA,20,1009.500,1009.500,1010.200
IPA,21,1006.300,1007.800,1011.000
IPA,17,1011.700,1011.700,1010.900
IPA,15,1013.700,1012.067,1011.400
IPA,16,1013.700,1011.700,1011.400
IPA,17,1013.700,1011.600,1011.400
IPA,18,1012.700,1012.700,1013.300
IPA,18,1006.100,1006.850,1007.000
IPA,19,1006.100,1006.900,1007.000
IPA,15,1011.500,1010.500,1009.300
IPA,16,1011.500,1010.200,1009.300
IPA,15,1013.300,1012.900,1011.900
IPA,18,1009.600,1009.800,1009.600
IPA,15,1009.200,1009.300,1007.900
IPA,23,1008.800,1010.800,1010.900
IPA,19,1006.800,1007.200,1007.900
IPA,19,1007.500,1007.400,1009.400
IPA,20,1007.500,1007.600,1009.400
IPA,22,1010.600,1011.300,1011.800
IPA,22,1008.500,1009.700,1010.300
IPA,21,1008.200,1010.300,1011.900
IPA,22,1008.200,1010.600,1011.900
IPA,0,1010.600,1011.600,1011.500
IPA,15,1011.500,1011.600,1010.600
IPA,21,1008.200,1010.000,1009.700
IPA,17,1008.400,1007.700,1006.100
IPA,20,1005.900,1007.600,1007.300
IPA,18,1007.500,1008.350,1008.700
IPA,19,1007.500,1008.400,1008.700
IPA,21,1008.700,1010.100,1010.100
IPA,15,1011.000,1010.700,1009.900
IPA,16,1009.300,1008.200,1007.200
IPA,18,1007.200,1008.100,1007.600
IPA,0,1011.500,1012.500,1012.500
IPA,15,1011.700,1010.800,1009.700
IPA,19,1009.100,1009.500,1009.600
IPA,19,1006.800,1008.367,1009.300
IPA,20,1006.800,1008.450,1009.300
IPA,21,1006.800,1008.400,1009.300
IPA,20,1006.300,1009.725,1010.700
IPA,21,1006.300,1010.233,1010.700
IPA,22,1006.300,1010.300,1010.700
IPA,23,1006.300,1010.500,1010.700
IPA,14,1011.000,1011.200,1010.000
IPA,14,1010.000,1009.400,1008.500
IPA,15,1010.000,1009.400,1008.500
IPA,18,1008.300,1008.100,1007.400
IPA,19,1008.300,1007.750,1007.400
IPA,20,1008.300,1007.600,1007.400
IPA,16,1008.400,1008.200,1008.300
IPA,18,1008.300,1007.700,1007.700
IPA,19,1007.400,1008.300,1008.500
IPA,19,1007.000,1007.100,1007.500
IPA,16,1008.600,1007.800,1006.800
IPA,10,1008.100,1008.600,1009.300
IPA,19,1006.700,1006.700,1007.400
IPA,16,1010.000,1010.200,1009.600
IPA,5,1010.900,1010.200,1009.700
IPA,18,1008.000,1007.800,1008.500
IPA,19,1008.000,1008.200,1008.500
IPA,21,1008.500,1010.550,1011.600
IPA,22,1008.500,1010.700,1011.600
IPA,0,1011.600,1012.100,1012.400
IPA,18,1007.200,1007.800,1007.900
IPA,15,1009.900,1008.900,1007.600
IPA,18,1007.100,1006.800,1007.300
IPA,15,1011.500,1010.600,1009.200
IPA,20,1007.900,1008.950,1009.400
IPA,21,1007.900,1008.900,1009.400
IPA,23,1009.400,1010.100,1009.700
IPA,17,1006.500,1006.800,1006.800
IPA,21,1007.800,1008.400,1009.500
IPA,18,1007.300,1009.940,1010.200
IPA,19,1007.300,1010.350,1010.200
IPA,20,1007.300,1010.433,1010.200
IPA,21,1007.300,1010.350,1010.200
IPA,22,1007.300,1009.900,1010.200
IPA,17,1008.600,1008.200,1008.000
IPA,17,1007.300,1006.900,1006.700
IPA,20,1007.200,1008.600,1009.200
IPA,21,1007.200,1009.000,1009.200
IPA,18,1006.700,1007.400,1007.500
IPA,21,1008.600,1008.700,1009.600
IPA,16,1009.100,1008.700,1007.700
IPA,17,1009.100,1008.400,1007.700
IPA,21,1008.600,1010.560,1011.200
IPA,22,1008.600,1010.950,1011.200
IPA,23,1008.600,1011.200,1011.200
IPA,0,1008.600,1011.250,1011.200
IPA,1,1008.600,1010.900,1011.200
IPA,20,1006.000,1006.700,1007.600
IPA,21,1009.000,1009.100,1009.700
IPA,16,1009.200,1009.150,1008.200
IPA,17,1009.200,1008.300,1008.200
IPA,20,1008.700,1009.100,1009.800
IPA,17,1008.300,1008.200,1007.400
IPA,21,1008.500,1009.300,1009.700
IPA,19,1007.100,1008.300,1008.300
IPA,20,1008.500,1009.400,1010.500
IPA,21,1008.500,1009.400,1010.500
IPA,20,1007.100,1008.050,1008.700
IPA,21,1007.100,1008.100,1008.700
IPA,21,1009.300,1009.800,1010.500
IPA,16,1009.400,1008.600,1007.600
IPA,17,1007.800,1007.400,1007.000
IPA,22,1009.000,1009.000,1009.500
IPA,19,1007.400,1008.200,1008.500
IPA,18,1008.400,1008.200,1008.700
IPA,22,1011.200,1011.700,1012.700
IPA,21,1012.000,1012.400,1013.400
IPA,17,1011.600,1011.500,1011.500
IPA,19,1011.500,1011.600,1011.900
IPA,22,1012.500,1013.000,1013.700
IPA,19,1008.200,1010.075,1011.200
IPA,20,1008.200,1010.533,1011.200
IPA,21,1008.200,1010.750,1011.200
IPA,22,1008.200,1010.800,1011.200
IPA,21,1006.800,1008.200,1009.000
IPA,8,1009.200,1010.200,1011.100
IPA,10,1009.200,1010.700,1011.100
IPA,17,1008.600,1007.900,1006.900
IPA,22,1010.100,1011.850,1013.100
IPA,23,1010.100,1012.400,1013.100
IPA,18,1005.800,1005.900,1006.000
IPA,4,1011.600,1011.100,1011.100
IPA,16,1010.100,1008.700,1007.800
IPA,17,1010.100,1008.300,1007.800
IPA,18,1010.100,1007.600,1007.800
IPA,15,1009.300,1009.150,1007.500
IPA,16,1009.300,1008.800,1007.500
IPA,17,1006.700,1006.750,1006.100
IPA,18,1006.700,1006.100,1006.100
IPA,19,1006.000,1005.500,1006.200
IPA,17,1007.400,1007.200,1006.600
IPA,17,1007.900,1007.600,1008.200
IPA,19,1007.300,1007.900,1009.600
IPA,8,1010.100,1010.800,1011.400
IPA,18,1006.700,1006.450,1007.800
IPA,19,1006.700,1006.700,1007.800
IPA,3,1010.400,1009.900,1009.700
IPA,17,1009.400,1008.800,1008.900
IPA,18,1009.400,1008.400,1008.900
IPA,15,1009.500,1008.500,1006.900
IPA,16,1009.500,1008.067,1006.900
IPA,17,1009.500,1007.550,1006.900
IPA,18,1009.500,1007.300,1006.900
IPA,18,1006.100,1007.250,1008.700
IPA,19,1006.100,1007.533,1008.700
IPA,21,1006.100,1008.050,1008.700
IPA,22,1006.100,1008.500,1008.700
IPA,16,1008.000,1007.100,1006.900
IPA,17,1008.000,1006.900,1006.900
IPA,19,1007.500,1007.600,1009.300
IPA,19,1007.600,1007.300,1008.700
IPA,19,1006.200,1006.200,1007.300
IPA,19,1008.800,1009.300,1009.800
IPA,19,1004.500,1005.400,1006.700
IPA,16,1008.000,1007.200,1006.300
IPA,18,1006.300,1006.400,1007.300
IPA,19,1006.500,1007.300,1008.900
IPA,18,1005.900,1005.900,1005.600
IPA,16,1007.600,1006.900,1005.900
IPA,18,1005.900,1007.000,1006.800
IPA,21,1006.800,1008.400,1009.500
IPA,18,1006.600,1006.800,1008.100
IPA,18,1006.600,1007.600,1007.900
IPA,19,1006.600,1007.100,1007.900
IPA,18,1006.500,1006.800,1006.800
IPA,23,1008.600,1009.800,1010.600
IPA,0,1008.600,1009.900,1010.600
IPA,22,1007.400,1007.400,1008.800
IPA,19,1007.800,1008.300,1009.300
IPA,22,1007.900,1009.900,1010.200
IPA,23,1007.900,1010.433,1010.200
IPA,0,1007.900,1010.600,1010.200
IPA,1,1007.900,1010.800,1010.200
IPA,18,1007.500,1007.900,1008.000
IPA,22,1009.500,1009.900,1010.400
IPA,5,1010.300,1010.000,1010.000
IPA,18,1006.700,1006.600,1006.600
IPA,22,1008.800,1009.800,1010.600
IPA,23,1008.800,1010.200,1010.600
IPA,17,1007.500,1008.000,1008.000
IPA,19,1008.100,1009.600,1010.600
IPA,21,1008.300,1009.600,1010.200
IPA,15,1009.400,1008.700,1007.900
IPA,21,1007.200,1009.300,1010.400
IPA,22,1007.200,1009.800,1010.400
IPA,16,1009.100,1009.800,1008.300
IPA,15,1012.200,1011.100,1010.600
IPA,21,1008.200,1009.900,1010.800
IPA,15,1011.600,1010.600,1009.100
IPA,17,1009.100,1008.700,1008.200
IPA,21,1009.500,1010.400,1010.900
IPA,3,1012.500,1012.200,1011.200
IPA,22,1010.500,1011.350,1012.100
IPA,23,1010.500,1011.500,1012.100
IPA,17,1010.100,1009.200,1009.200
IPA,19,1009.700,1009.300,1010.500
IPA,18,1012.000,1012.000,1012.000
IPA,19,1008.800,1009.700,1010.100
IPA,17,1010.500,1010.100,1009.500
IPA,19,1009.500,1010.500,1011.200
IPA,19,1011.300,1012.000,1012.200
IPA,8,1009.900,1010.300,1011.500
IPA,13,1012.200,1012.200,1011.600
IPA,15,1011.600,1011.000,1010.300
IPA,16,1011.400,1011.100,1010.400
IPA,21,1009.800,1010.500,1011.000
IPA,13,1011.200,1011.200,1010.500
IPA,17,1008.100,1007.600,1007.200
IPA,17,1006.700,1005.750,1005.400
IPA,18,1006.700,1005.400,1005.400
IPA,17,1007.900,1006.900,1006.800
IPA,18,1007.900,1006.700,1006.800
IPA,18,1006.000,1005.400,1005.700
IPA,17,1006.200,1005.150,1004.000
IPA,18,1006.200,1004.700,1004.000
IPA,16,1005.300,1003.500,1003.300
IPA,17,1005.300,1003.500,1003.300
IPA,18,1006.500,1005.100,1005.400
IPA,17,1008.000,1008.100,1008.200
IPA,17,1007.000,1007.200,1007.200
IPA,16,1008.000,1007.100,1006.000
IPA,18,1006.000,1006.800,1009.500
IPA,19,1006.000,1006.200,1009.500
IPA,17,1006.900,1007.100,1007.500
IPA,19,1006.000,1006.600,1010.200
IPA,18,1006.700,1006.300,1006.700
IPA,15,1009.500,1008.850,1007.800
IPA,16,1009.500,1008.100,1007.800
IPA,19,1007.400,1007.600,1010.400
IPA,19,1006.100,1006.200,1009.800
IPA,18,1006.800,1007.300,1007.400
IPA,18,1008.700,1009.350,1010.900
IPA,19,1008.700,1009.500,1010.900
IPA,15,1011.000,1010.100,1008.900
IPA,10,1008.900,1013.200,1013.800
IPA,13,1012.700,1011.750,1010.400
IPA,14,1012.700,1011.300,1010.400
IPA,14,1011.400,1010.600,1009.500
IPA,17,1008.600,1007.750,1007.500
IPA,18,1008.600,1007.600,1007.500
IPA,12,1010.900,1010.600,1008.700
IPA,13,1010.900,1010.350,1008.700
IPA,14,1010.900,1009.900,1008.700
IPA,16,1008.700,1007.250,1006.800
IPA,17,1008.700,1006.900,1006.800
IPA,11,1010.200,1009.375,1007.800
IPA,12,1010.200,1009.229,1007.800
IPA,13,1010.200,1008.967,1007.800
IPA,14,1010.200,1008.660,1007.800
IPA,15,1010.200,1008.350,1007.800
IPA,16,1010.200,1008.067,1007.800
IPA,17,1010.200,1007.900,1007.800
IPA,18,1010.200,1007.400,1007.800
IPA,15,1011.000,1009.500,1008.200
IPA,16,1011.000,1009.000,1008.200
IPA,18,1008.200,1007.800,1008.000
IPA,14,1011.600,1009.080,1008.000
IPA,15,1011.600,1008.675,1008.000
IPA,16,1011.600,1008.333,1008.000
IPA,17,1011.600,1008.050,1008.000
IPA,18,1011.600,1007.900,1008.000
IPA,14,1012.100,1011.100,1010.000
IPA,10,1007.700,1012.200,1011.200
IPA,11,1007.700,1012.267,1011.200
IPA,12,1007.700,1012.250,1011.200
IPA,13,1007.700,1012.100,1011.200
IPA,19,1007.500,1007.400,1010.500
IPA,16,1008.100,1007.600,1006.800
IPA,16,1009.800,1009.400,1008.100
IPA,19,1008.600,1008.600,1013.500
IPA,17,1011.400,1011.600,1011.400
IPA,15,1013.700,1012.600,1011.500
IPA,20,1010.500,1011.000,1013.800
IPA,20,1010.400,1011.000,1013.400
IPA,19,1007.500,1008.500,1012.600
IPA,15,1010.100,1008.700,1007.400
IPA,16,1007.300,1006.550,1006.300
IPA,17,1007.300,1006.500,1006.300
IPA,19,1006.300,1006.300,1009.300
IPA,18,1007.300,1006.600,1007.000
